Component_ID,Lot_ID,Component_Type,Ground_Truth,Predicted_Anomaly,Mahalanobis_Distance,LOF_Score,Predicted_Anomaly_96h,Mahalanobis_96h,LOF_96h,Anomaly_Status
C0801,L09,Normal,Normal,Normal,2.3171819374963736,-0.5000329029626285,Normal,2.1290046785872203,-0.4189982325103569,NORMAL
C0802,L09,Gradual_Degradation,Anomaly,Anomaly,15.421218363589432,8.775000865090904,Anomaly,31.930922028036957,9.967565640476142,ANOMALY
C0803,L09,Normal,Normal,Normal,2.1978469593944685,-0.4854041026555111,Normal,1.4245021701575526,-0.4417622958757794,NORMAL
C0804,L09,Normal,Normal,Normal,3.088832313550136,-0.432275995655152,Normal,2.202748528864414,-0.4653126600014536,NORMAL
C0805,L09,Normal,Normal,Normal,2.214697239134515,-0.4759168401256894,Normal,1.6971870522076893,-0.4661697284000576,NORMAL
C0806,L09,Normal,Normal,Normal,2.367120058790994,-0.4864432576144883,Normal,1.733407706200805,-0.4633109140330993,NORMAL
C0807,L09,Normal,Normal,Normal,2.232271167275153,-0.5251804778059428,Normal,1.4624146320535931,-0.4414181510932182,NORMAL
C0808,L09,Normal,Normal,Normal,2.133117044505988,-0.4994299831657383,Normal,1.507327267883563,-0.4897163673329801,NORMAL
C0809,L09,Normal,Normal,Normal,2.207091990592881,-0.4928262880726712,Normal,1.6416549098206288,-0.4579109418227383,NORMAL
C0810,L09,Sudden_Degradation,Anomaly,Normal,2.3673095214751068,-0.4970670285406575,Anomaly,36.9460199130098,31.399580477301317,ANOMALY
C0811,L09,Normal,Normal,Normal,2.0872089755882515,-0.4934266863379191,Normal,1.553719432161467,-0.4446307042416109,NORMAL
C0812,L09,Gradual_Degradation,Anomaly,Anomaly,14.734330649789303,6.056346230558987,Anomaly,36.82277489483899,9.010450815378189,ANOMALY
C0813,L09,Gradual_Degradation,Anomaly,Anomaly,10.322819681115051,7.812673900290049,Anomaly,35.96684219013375,10.811373494500415,ANOMALY
C0814,L09,Gradual_Degradation,Anomaly,Anomaly,11.150808903397378,6.346147443424142,Anomaly,36.0244442308507,9.293272400382804,ANOMALY
C0815,L09,Normal,Normal,Normal,3.249505181211065,-0.2880287700987201,Normal,2.0560842696708903,-0.3922605370695426,NORMAL
C0816,L09,Gradual_Degradation,Anomaly,Anomaly,13.962936906651889,6.493856385668529,Anomaly,18.9968163416242,6.436172806883451,ANOMALY
C0817,L09,Normal,Normal,Normal,2.539230299689465,-0.4715691622160789,Normal,1.708704241526264,-0.4460728438242749,NORMAL
C0818,L09,Gradual_Degradation,Anomaly,Anomaly,9.379503352066036,7.404827066499497,Anomaly,34.97431875205589,9.648868987609628,ANOMALY
C0819,L09,Normal,Normal,Normal,2.094915870916552,-0.507629906335249,Normal,1.5897919587719411,-0.4240834639555286,NORMAL
C0820,L09,Normal,Normal,Normal,2.338635549546237,-0.4772800796986998,Normal,1.7046429385354491,-0.4859012080525526,NORMAL
C0821,L09,Latent_Defect,Anomaly,Anomaly,47.97778249537569,39.22715261684738,Anomaly,164.8894492718465,26.013581309998035,ANOMALY
C0822,L09,Sudden_Degradation,Anomaly,Normal,2.1579006043676454,-0.4698743329096295,Anomaly,47.50152448484116,42.19674418854806,ANOMALY
C0823,L09,Normal,Normal,Normal,2.3990467860745666,-0.4455140131045003,Normal,2.187128987985917,-0.4712278618047905,NORMAL
C0824,L09,Normal,Normal,Normal,2.2152168654650435,-0.507399074229642,Normal,1.6446504486322688,-0.4953323841849972,NORMAL
C0825,L09,Normal,Normal,Normal,2.462673605372907,-0.3452720197990404,Normal,1.5712235566399977,-0.4696092755158063,NORMAL
C0826,L09,Normal,Normal,Normal,2.629771995181766,-0.4922299766563338,Normal,1.6318120771362552,-0.4724383445913207,NORMAL
C0827,L09,Normal,Normal,Normal,2.269363906300972,-0.4844694506625313,Normal,1.922079962164143,-0.436734607315296,NORMAL
C0828,L09,Normal,Normal,Normal,2.0370996916847246,-0.5124097452455111,Normal,1.474435521610132,-0.5037845578950433,NORMAL
C0829,L09,Normal,Normal,Normal,2.8267624879789404,-0.4427296207860411,Normal,1.8853737655238887,-0.4723894521610507,NORMAL
C0830,L09,Latent_Defect,Anomaly,Anomaly,43.16262646118973,25.592969445030445,Anomaly,235.04026098887925,35.977892314999494,ANOMALY
C0831,L09,Normal,Normal,Normal,2.5919379801723474,-0.421094608243397,Normal,2.281950220590825,-0.4413856021878943,NORMAL
C0832,L09,Normal,Normal,Normal,3.239792750964272,-0.1029314011622006,Normal,1.5372541640650554,-0.5140641139408236,NORMAL
C0833,L09,Normal,Normal,Normal,2.1651111825808638,-0.4965000118718379,Normal,1.3593692997657896,-0.4751945095679013,NORMAL
C0834,L09,Normal,Normal,Normal,3.3566608472086035,-0.3756995052250289,Normal,2.347496649493846,-0.3671145746825541,NORMAL
C0835,L09,Gradual_Degradation,Anomaly,Anomaly,20.690064196015296,6.177472789004796,Anomaly,17.203889331105497,9.823444127987996,ANOMALY
C0836,L09,Normal,Normal,Normal,2.0966184788865907,-0.4770290076230352,Normal,2.3785712571387827,-0.3578295577301573,NORMAL
C0837,L09,Latent_Defect,Anomaly,Anomaly,44.32416679729484,35.90894474632773,Anomaly,330.2545585573784,47.584267283034784,ANOMALY
C0838,L09,Normal,Normal,Normal,2.591993579443047,-0.4152427453473126,Normal,1.6423638771603797,-0.4381084110397066,NORMAL
C0839,L09,Gradual_Degradation,Anomaly,Anomaly,4.973574092655848,1.8181351229504323,Anomaly,24.451319156403542,10.429006853707005,ANOMALY
C0840,L09,Normal,Normal,Normal,2.3262932729654704,-0.5057617379321535,Normal,1.7620714511027682,-0.3988961784978717,NORMAL
C0841,L09,Normal,Normal,Anomaly,4.655164994155861,-0.1256633010830607,Normal,2.856388058522383,-0.3934788876589283,EARLY_WARNING
C0842,L09,Normal,Normal,Normal,2.237772302343366,-0.4033813092811285,Normal,2.2547417023463114,-0.4413245914873835,NORMAL
C0843,L09,Normal,Normal,Normal,2.8653333807012653,-0.4531364798404422,Normal,2.2423317069418,-0.3624519736428087,NORMAL
C0844,L09,Sudden_Degradation,Anomaly,Normal,2.8034707240316368,-0.4881547075962678,Anomaly,74.00799712058424,45.2781554221693,ANOMALY
C0845,L09,Normal,Normal,Normal,2.152638740692349,-0.4987449512610018,Normal,1.5791303013210958,-0.473233547867812,NORMAL
C0846,L09,Normal,Normal,Normal,2.3059780516043804,-0.4970356930004485,Normal,1.4426123932053263,-0.4770908006818388,NORMAL
C0847,L09,Normal,Normal,Normal,2.2249772072309337,-0.4532030561584075,Normal,1.487566775845813,-0.4331293960661724,NORMAL
C0848,L09,Gradual_Degradation,Anomaly,Anomaly,5.822871280025247,2.7483691616050683,Anomaly,33.04452020775972,12.737569682427637,ANOMALY
C0849,L09,Normal,Normal,Normal,2.1415607926622178,-0.4897591919331718,Normal,1.5771406384082798,-0.4147413855853701,NORMAL
C0850,L09,Normal,Normal,Normal,2.5241476958256874,-0.3933586232943611,Normal,1.926295850166744,-0.4368388595790415,NORMAL
C0851,L09,Normal,Normal,Normal,2.657834296220916,-0.4463724488249425,Normal,2.027959423981621,-0.3232008359836715,NORMAL
C0852,L09,Latent_Defect,Anomaly,Anomaly,52.69592135291122,36.70981460571969,Anomaly,205.3713077378337,32.47123206904041,ANOMALY
C0853,L09,Normal,Normal,Normal,2.2503098635056773,-0.4918739339068421,Normal,1.390380697773021,-0.5039191545740274,NORMAL
C0854,L09,Gradual_Degradation,Anomaly,Anomaly,6.631310303943968,3.9548562907959104,Anomaly,33.56006387494126,12.480351170094623,ANOMALY
C0855,L09,Normal,Normal,Normal,2.3656835719222835,-0.5136402007334471,Normal,1.6211338858865982,-0.504351303940985,NORMAL
C0856,L09,Normal,Normal,Normal,2.079817995512089,-0.4650391284428194,Normal,2.025515015866298,-0.4873850373405088,NORMAL
C0857,L09,Gradual_Degradation,Anomaly,Anomaly,7.524651493086428,3.461139337499171,Anomaly,31.759845635920662,9.934649262449678,ANOMALY
C0858,L09,Latent_Defect,Anomaly,Anomaly,39.75893278703703,30.20422758068319,Anomaly,252.4691784212538,40.79600340180035,ANOMALY
C0859,L09,Gradual_Degradation,Anomaly,Anomaly,8.039113379211651,5.799861073854084,Anomaly,39.95074024062509,13.09651315925007,ANOMALY
C0860,L09,Gradual_Degradation,Anomaly,Anomaly,6.884796529344557,2.6884071343886893,Anomaly,26.99379393168972,14.27618018430609,ANOMALY
C0861,L09,Normal,Normal,Normal,2.6936373094061743,-0.3803991640411426,Normal,1.9097661881594927,-0.4154914843105541,NORMAL
C0862,L09,Normal,Normal,Normal,2.48739663155974,-0.4978579919162356,Normal,2.0463462451487877,-0.4306580363857688,NORMAL
C0863,L09,Normal,Normal,Normal,2.203946748352013,-0.4918819354893986,Normal,2.8318286378308803,-0.3118640004600006,NORMAL
C0864,L09,Normal,Normal,Normal,2.9960990252727973,-0.2933963561956716,Normal,1.8948143340239425,-0.3705954957032387,NORMAL
C0865,L09,Normal,Normal,Normal,2.856792510568969,-0.4967477792324808,Normal,1.9746365115915416,-0.3908861260975751,NORMAL
C0866,L09,Sudden_Degradation,Anomaly,Normal,3.363019308971756,-0.0785173510560743,Anomaly,66.74414480297726,49.39708772533535,ANOMALY
C0867,L09,Normal,Normal,Normal,2.059384777108089,-0.5060960274368794,Normal,2.8405299788698506,-0.1743377980176481,NORMAL
C0868,L09,Normal,Normal,Normal,2.221765452891724,-0.448834149705035,Normal,1.8945177694829864,-0.4199442586448838,NORMAL
C0869,L09,Normal,Normal,Normal,2.134057379540521,-0.4883485444509456,Normal,2.299097043701844,-0.2913903055671305,NORMAL
C0870,L09,Normal,Normal,Normal,2.285646806188804,-0.4979942177993472,Normal,1.6895097586134122,-0.4309016035577744,NORMAL
C0871,L09,Normal,Normal,Normal,2.436608766433054,-0.5033757004137065,Normal,1.5721898021110736,-0.406546208073046,NORMAL
C0872,L09,Normal,Normal,Normal,2.060045260035245,-0.4528547017136204,Normal,1.3731064440185046,-0.484902882764338,NORMAL
C0873,L09,Latent_Defect,Anomaly,Anomaly,61.39958616210979,32.25143427204309,Anomaly,200.51586510613697,29.53854130209217,ANOMALY
C0874,L09,Normal,Normal,Normal,2.3264725183885995,-0.3324819651260424,Normal,1.523570531101977,-0.4508943936520821,NORMAL
C0875,L09,Normal,Normal,Normal,2.0550717900178386,-0.5024107032192543,Normal,2.2463415398867337,-0.2881324823252069,NORMAL
C0876,L09,Sudden_Degradation,Anomaly,Normal,2.200992870526892,-0.524744446990862,Anomaly,65.42152505382269,51.16004852412605,ANOMALY
C0877,L09,Normal,Normal,Anomaly,5.3164977174631245,0.8853800300215373,Anomaly,4.830367889852517,0.278294004360426,ANOMALY
C0878,L09,Latent_Defect,Anomaly,Anomaly,30.319478228687665,26.89652314563524,Anomaly,196.6661619767516,33.56066647606457,ANOMALY
C0879,L09,Normal,Normal,Anomaly,3.7687517849398255,0.0219796189166832,Normal,1.6407489323238764,-0.4688724968617421,EARLY_WARNING
C0880,L09,Normal,Normal,Normal,2.078476404970621,-0.5104247461533002,Normal,1.34047186730456,-0.5190092628582846,NORMAL
C0881,L09,Gradual_Degradation,Anomaly,Anomaly,13.305158336738105,4.221071679813618,Anomaly,59.16478351490576,15.29833135944756,ANOMALY
C0882,L09,Latent_Defect,Anomaly,Anomaly,50.86260300035946,35.22784407956034,Anomaly,216.40533179506596,33.77051798341519,ANOMALY
C0883,L09,Normal,Normal,Normal,2.822699688766168,-0.5024243807596498,Normal,1.7492062745915875,-0.4602575415660022,NORMAL
C0884,L09,Normal,Normal,Normal,2.581875446720476,-0.4405615380577896,Normal,2.5637832604655286,-0.3609937360696071,NORMAL
C0885,L09,Normal,Normal,Normal,2.5362372882989006,-0.4380634495393829,Normal,1.857231051767548,-0.4522807490785419,NORMAL
C0886,L09,Normal,Normal,Normal,2.401948693952522,-0.4908086070806148,Normal,1.533394216712184,-0.5068242920628405,NORMAL
C0887,L09,Normal,Normal,Normal,2.9449850230655947,-0.2752952966760245,Normal,1.6322375555500737,-0.4974937776567771,NORMAL
C0888,L09,Normal,Normal,Normal,2.2441977194436005,-0.4987458083393605,Normal,1.992216023896751,-0.4106594207671796,NORMAL
C0889,L09,Normal,Normal,Normal,2.2266293954783234,-0.4684484854808231,Normal,1.4775700940028695,-0.4475726427267896,NORMAL
C0890,L09,Sudden_Degradation,Anomaly,Normal,2.7081863222190257,-0.4688367631781849,Anomaly,67.66698760883031,44.84397019619789,ANOMALY
C0891,L09,Normal,Normal,Normal,2.8923732964402453,-0.4197506255612848,Normal,1.7256266505224336,-0.4472026223668091,NORMAL
C0892,L09,Normal,Normal,Normal,3.4375147887147,-0.3403310463178828,Anomaly,4.622685325221866,-0.0399571769569182,ANOMALY
C0893,L09,Latent_Defect,Anomaly,Anomaly,32.590984711660816,29.87025932281009,Anomaly,156.4419116712763,26.505137640211966,ANOMALY
C0894,L09,Normal,Normal,Normal,2.027490761837069,-0.512579161449815,Normal,1.886971091824499,-0.4954289378708478,NORMAL
C0895,L09,Normal,Normal,Normal,2.2490095914735933,-0.4657301430954557,Normal,1.5022300954595504,-0.4722674639497948,NORMAL
C0896,L09,Gradual_Degradation,Anomaly,Anomaly,12.0967827234054,6.913336271862791,Anomaly,20.986377316050408,6.380037374503161,ANOMALY
C0897,L09,Normal,Normal,Normal,3.356594357668302,-0.4247356725959796,Normal,1.4578759514974875,-0.3838879431348705,NORMAL
C0898,L09,Normal,Normal,Normal,2.3653961800303938,-0.5178597482996266,Normal,2.1219141304858646,-0.4341348695298526,NORMAL
C0899,L09,Latent_Defect,Anomaly,Anomaly,43.73365833848388,27.737317691200865,Anomaly,144.22203622912735,25.99489067103135,ANOMALY
C0900,L09,Sudden_Degradation,Anomaly,Normal,2.483926002413371,-0.4360185368102356,Anomaly,70.05632819679519,40.58099783591718,ANOMALY
C0901,L10,Normal,Normal,Normal,2.490120921796743,-0.4339278426675663,Normal,2.214853978347052,-0.4678556882540021,NORMAL
C0902,L10,Normal,Normal,Normal,1.9183991665843785,-0.4351861839515452,Normal,1.6084299849310149,-0.4561678919543026,NORMAL
C0903,L10,Normal,Normal,Normal,2.3412039763832317,-0.3475240982847749,Normal,2.2755778379277856,-0.4809890262162519,NORMAL
C0904,L10,Normal,Normal,Normal,2.0651803095896626,-0.4244292658739206,Normal,2.87337213215371,-0.2930065003614381,NORMAL
C0905,L10,Normal,Normal,Normal,1.5488354430358613,-0.5146202838157132,Normal,1.1905706180781497,-0.5049329546965653,NORMAL
C0906,L10,Normal,Normal,Normal,2.292600895457716,-0.3133158784279335,Anomaly,4.399454365198073,-0.1976671558937743,ANOMALY
C0907,L10,Normal,Normal,Normal,2.0745974643013065,-0.3972096293939267,Normal,1.334595379112629,-0.505163530596097,NORMAL
C0908,L10,Gradual_Degradation,Anomaly,Anomaly,10.282960326611034,6.249760321534208,Anomaly,42.0932481260597,11.50730037077443,ANOMALY
C0909,L10,Normal,Normal,Normal,1.6864013366784594,-0.4688875351279127,Normal,2.333716762583846,-0.3485985013742481,NORMAL
C0910,L10,Normal,Normal,Normal,1.1895646871433443,-0.4804078981313693,Normal,1.815467959315513,-0.3928005967067849,NORMAL
C0911,L10,Normal,Normal,Normal,1.5796479467051316,-0.4981326954229703,Normal,1.3501909215692882,-0.4970696808499166,NORMAL
C0912,L10,Normal,Normal,Normal,1.5196293153103722,-0.5258206874119236,Normal,0.835203509663475,-0.519390510328182,NORMAL
C0913,L10,Normal,Normal,Normal,1.1617761022949504,-0.5240003160574274,Normal,0.6918337409301794,-0.5103526864195909,NORMAL
C0914,L10,Normal,Normal,Normal,1.3181211902154226,-0.4833107058286694,Normal,0.9918448844091038,-0.5152386954776993,NORMAL
C0915,L10,Normal,Normal,Normal,1.320115698725117,-0.4718085741272777,Normal,1.4776200960476555,-0.4045669826288842,NORMAL
C0916,L10,Normal,Normal,Normal,1.208901169284006,-0.4389385711837061,Normal,1.3460665442035022,-0.5144401176880609,NORMAL
C0917,L10,Normal,Normal,Normal,1.7224774067886828,-0.4656064676498854,Normal,1.1345057319411929,-0.5023887563473668,NORMAL
C0918,L10,Normal,Normal,Normal,1.2309983727188805,-0.5270722463247874,Normal,0.9550826957286456,-0.5033756959863931,NORMAL
C0919,L10,Normal,Normal,Normal,1.2865769898682833,-0.4995753780921093,Normal,1.1968152786110238,-0.4869121561764447,NORMAL
C0920,L10,Normal,Normal,Normal,2.79771406779489,-0.4015380353672346,Normal,1.2052771052885642,-0.4979332146974375,NORMAL
C0921,L10,Normal,Normal,Normal,2.654281598160829,-0.3508322707160771,Normal,1.545183351805679,-0.4628832650223675,NORMAL
C0922,L10,Normal,Normal,Normal,1.4127268194223972,-0.4847788333873151,Normal,1.039834476596728,-0.5107796346896137,NORMAL
C0923,L10,Normal,Normal,Anomaly,5.106279447921097,-0.0848231533909156,Anomaly,4.309128621099172,-0.1610835290902907,ANOMALY
C0924,L10,Gradual_Degradation,Anomaly,Anomaly,5.04043962666785,1.7127792851773598,Anomaly,18.36308004962224,9.216436356145396,ANOMALY
C0925,L10,Normal,Normal,Normal,1.852214294018578,-0.5314877540649101,Normal,1.3724786746853708,-0.4807416622959066,NORMAL
C0926,L10,Normal,Normal,Normal,2.6685222691460764,-0.4210114074438302,Normal,0.7847021099909405,-0.5032477763185469,NORMAL
C0927,L10,Normal,Normal,Normal,1.3415827317525826,-0.4604824325419649,Normal,0.8808732911976648,-0.4755033361086602,NORMAL
C0928,L10,Gradual_Degradation,Anomaly,Anomaly,6.275649382475106,3.706441704673128,Anomaly,22.373708842606472,7.308593346730063,ANOMALY
C0929,L10,Normal,Normal,Normal,2.528353079621909,-0.4745237427547548,Normal,1.7341566584490178,-0.4535936669805354,NORMAL
C0930,L10,Normal,Normal,Normal,2.1660512724746543,-0.4321581080136161,Normal,2.05740017633052,-0.4114313194989329,NORMAL
C0931,L10,Latent_Defect,Anomaly,Anomaly,44.87203246747566,37.2041397787077,Anomaly,195.9403612535461,28.84499339084152,ANOMALY
C0932,L10,Gradual_Degradation,Anomaly,Anomaly,20.286992345317596,8.017114500176039,Anomaly,59.10492178547653,13.628245330235549,ANOMALY
C0933,L10,Normal,Normal,Normal,1.442469350171343,-0.4685941008254581,Normal,0.6406518034046682,-0.5361684053907021,NORMAL
C0934,L10,Normal,Normal,Normal,1.2334704596026052,-0.5071724419785631,Normal,1.0239909877392452,-0.5114855073140511,NORMAL
C0935,L10,Sudden_Degradation,Anomaly,Normal,1.951148969458737,-0.4483071521303996,Anomaly,49.52592311746496,41.63235016212753,ANOMALY
C0936,L10,Sudden_Degradation,Anomaly,Normal,1.9188357781020409,-0.4156089001049465,Anomaly,56.92134827692448,46.58205547199723,ANOMALY
C0937,L10,Normal,Normal,Normal,1.3618030220907795,-0.4618189401148946,Normal,1.901202787346257,-0.4708122614668375,NORMAL
C0938,L10,Normal,Normal,Normal,2.436247175583253,-0.4216150356450392,Normal,1.941944596085152,-0.4651020655964544,NORMAL
C0939,L10,Sudden_Degradation,Anomaly,Normal,2.267411131612934,-0.5206544681729502,Anomaly,79.18293822658921,49.01480697339508,ANOMALY
C0940,L10,Sudden_Degradation,Anomaly,Normal,1.416365927102536,-0.4621668341442437,Anomaly,51.26314053417076,48.852767754402905,ANOMALY
C0941,L10,Normal,Normal,Normal,2.486689550854323,-0.4492132310671204,Normal,1.1952621879135843,-0.4955697891895818,NORMAL
C0942,L10,Normal,Normal,Normal,1.967182515419399,-0.4427328631107547,Normal,1.354757828554991,-0.4722164020941057,NORMAL
C0943,L10,Normal,Normal,Normal,1.6792982359316768,-0.4429177258806507,Normal,2.086705928352844,-0.2167132017029647,NORMAL
C0944,L10,Normal,Normal,Normal,2.595899259545249,-0.5083718075736059,Normal,1.6038680132389422,-0.4487390463246652,NORMAL
C0945,L10,Gradual_Degradation,Anomaly,Anomaly,9.359537547845695,7.370271748659986,Anomaly,46.92337485416651,13.039175082307816,ANOMALY
C0946,L10,Gradual_Degradation,Anomaly,Anomaly,14.38689964848708,7.2129560850357795,Anomaly,29.88299156685476,10.88442255455573,ANOMALY
C0947,L10,Normal,Normal,Normal,1.3506412723560572,-0.4974456104515696,Normal,1.7826510792820167,-0.3590299023315468,NORMAL
C0948,L10,Sudden_Degradation,Anomaly,Normal,1.9924899422659224,-0.457816772834867,Anomaly,58.87155438018012,46.338682560447566,ANOMALY
C0949,L10,Normal,Normal,Normal,1.1315050572607772,-0.4876844725075535,Normal,0.6469705652475114,-0.5292031491962714,NORMAL
C0950,L10,Gradual_Degradation,Anomaly,Anomaly,13.504789778241069,7.42705632036072,Anomaly,29.569926471308445,10.146590199512923,ANOMALY
C0951,L10,Gradual_Degradation,Anomaly,Anomaly,12.392369226792615,6.114673519114189,Anomaly,30.45758516822963,12.11602833752348,ANOMALY
C0952,L10,Normal,Normal,Normal,3.76477984142684,-0.3212775399942491,Normal,1.5322901600901158,-0.5071435097980507,NORMAL
C0953,L10,Latent_Defect,Anomaly,Anomaly,34.232971464631376,27.443692527665423,Anomaly,219.5889066639588,34.042404399669515,ANOMALY
C0954,L10,Latent_Defect,Anomaly,Anomaly,36.34015043024823,37.61947751917886,Anomaly,211.19007739282097,32.10310396683674,ANOMALY
C0955,L10,Normal,Normal,Normal,1.6228692666831432,-0.5165180035300736,Normal,0.776252381909924,-0.4783663454951405,NORMAL
C0956,L10,Normal,Normal,Normal,1.1342630751059253,-0.5044310798402719,Normal,0.7798509815401778,-0.5322285254369656,NORMAL
C0957,L10,Sudden_Degradation,Anomaly,Normal,1.53484177497433,-0.4032772871438683,Anomaly,55.35313331588347,52.19753112261266,ANOMALY
C0958,L10,Gradual_Degradation,Anomaly,Anomaly,12.954857106428772,4.23511508340553,Anomaly,37.54225511788681,9.688296403400273,ANOMALY
C0959,L10,Normal,Normal,Normal,1.277753766211425,-0.4748191101344889,Normal,0.781944925988118,-0.5045026436422582,NORMAL
C0960,L10,Normal,Normal,Normal,1.8565983589756596,-0.4717478769550181,Normal,1.4654528227129744,-0.4761771228500044,NORMAL
C0961,L10,Normal,Normal,Normal,1.452641090057019,-0.4898168102977362,Normal,1.265243258097795,-0.4723622930904403,NORMAL
C0962,L10,Gradual_Degradation,Anomaly,Anomaly,7.928512045084944,3.733240854819402,Anomaly,22.928296651449173,10.36178954446864,ANOMALY
C0963,L10,Normal,Normal,Normal,2.1586607772878925,-0.3953098624770235,Normal,2.052768296396506,-0.4251214284723688,NORMAL
C0964,L10,Normal,Normal,Normal,1.1404620401450871,-0.4810281695474696,Normal,0.7893629428433696,-0.5254802928714604,NORMAL
C0965,L10,Gradual_Degradation,Anomaly,Anomaly,12.665555112406675,7.15111575365823,Anomaly,21.764765813673176,6.808139084560564,ANOMALY
C0966,L10,Gradual_Degradation,Anomaly,Anomaly,5.861048410116708,1.9670650975416184,Anomaly,19.927417310073903,6.275854454317707,ANOMALY
C0967,L10,Normal,Normal,Normal,1.5040125088548535,-0.5058853671974337,Normal,1.807105238873517,-0.4461620131987349,NORMAL
C0968,L10,Latent_Defect,Anomaly,Anomaly,75.82757367837122,46.20360343540239,Anomaly,151.0693749712011,24.61265611892689,ANOMALY
C0969,L10,Gradual_Degradation,Anomaly,Anomaly,9.977123787698003,5.173415904585693,Anomaly,52.04964274228698,15.120662100570977,ANOMALY
C0970,L10,Normal,Normal,Normal,2.8609650085921,-0.0058647230478221,Normal,2.0843504199603617,-0.3965573172719532,NORMAL
C0971,L10,Latent_Defect,Anomaly,Anomaly,36.07157084810529,39.36780306315819,Anomaly,350.5073695313551,47.65390361952028,ANOMALY
C0972,L10,Normal,Normal,Normal,1.5608909270145297,-0.4960347378918288,Normal,1.1583898465473903,-0.512059221672612,NORMAL
C0973,L10,Normal,Normal,Normal,2.0451736989777944,-0.4147035686044431,Normal,1.4507347167770406,-0.4710383772516318,NORMAL
C0974,L10,Normal,Normal,Normal,1.2218286302934434,-0.504831020600564,Normal,1.034297138979214,-0.4986638650879693,NORMAL
C0975,L10,Normal,Normal,Normal,2.3480944068973653,-0.4742526829580566,Normal,1.3591297267587823,-0.466300289335344,NORMAL
C0976,L10,Normal,Normal,Normal,1.8040421536786169,-0.4856175356702308,Normal,1.7786813866931908,-0.5025768281895224,NORMAL
C0977,L10,Normal,Normal,Normal,1.296456134456967,-0.481451701422261,Normal,1.1608322322322149,-0.5010627822416905,NORMAL
C0978,L10,Normal,Normal,Normal,1.5777889058329744,-0.4937706119894047,Normal,2.212996399776741,-0.499065591472984,NORMAL
C0979,L10,Normal,Normal,Normal,1.1446982507478545,-0.5026687360609035,Normal,0.63458860713217,-0.5257202531640475,NORMAL
C0980,L10,Normal,Normal,Normal,1.3565961577365695,-0.4751482592293219,Normal,0.638810849796206,-0.5192247310934709,NORMAL
C0981,L10,Gradual_Degradation,Anomaly,Anomaly,7.025576671400407,1.9692548369897451,Anomaly,15.292966919196964,8.968422193110898,ANOMALY
C0982,L10,Gradual_Degradation,Anomaly,Anomaly,8.595017302670438,6.686683554400872,Anomaly,41.10106674176742,12.981834090811194,ANOMALY
C0983,L10,Gradual_Degradation,Anomaly,Anomaly,10.328739600485852,6.864163049443334,Anomaly,28.058104369326628,9.1796617393799,ANOMALY
C0984,L10,Normal,Normal,Normal,1.6440510497289944,-0.3010705672058056,Normal,0.9815895293411084,-0.4969763658549184,NORMAL
C0985,L10,Normal,Normal,Normal,1.7227449585834995,-0.4675156533485325,Normal,3.084247593112963,-0.3077322679199252,NORMAL
C0986,L10,Normal,Normal,Normal,1.3503268922953773,-0.454410537885723,Normal,2.047692398573309,-0.4563647231759906,NORMAL
C0987,L10,Normal,Normal,Normal,1.6173536659310943,-0.4859701577780519,Normal,1.288799577955113,-0.512113154969416,NORMAL
C0988,L10,Latent_Defect,Anomaly,Anomaly,53.50552627222886,38.55961647762288,Anomaly,197.23571166141497,30.69311166701501,ANOMALY
C0989,L10,Gradual_Degradation,Anomaly,Anomaly,16.622921908115384,7.181049021821888,Anomaly,9.912038424680764,2.339064420930656,ANOMALY
C0990,L10,Normal,Normal,Normal,1.3008562001120845,-0.5045134049575957,Normal,1.1828452360529538,-0.5005005000647713,NORMAL
C0991,L10,Sudden_Degradation,Anomaly,Normal,1.6995271123891995,-0.5085570263875576,Anomaly,66.1467127622144,47.63492030150464,ANOMALY
C0992,L10,Normal,Normal,Normal,1.409803573365029,-0.4831688201290571,Normal,1.5682698786110554,-0.3641765315659568,NORMAL
C0993,L10,Normal,Normal,Normal,1.5580314057380082,-0.4335564676815464,Normal,1.034728610274494,-0.5019345646338949,NORMAL
C0994,L10,Normal,Normal,Normal,1.5581566283228,-0.4992571807631847,Normal,1.499023206295626,-0.4686947640626777,NORMAL
C0995,L10,Normal,Normal,Normal,1.932889629824831,-0.4469676853678019,Normal,2.4469737800186664,-0.4413702149903982,NORMAL
C0996,L10,Latent_Defect,Anomaly,Anomaly,35.3326448765045,39.802084985435066,Anomaly,138.13647353428595,23.12721896505968,ANOMALY
C0997,L10,Normal,Normal,Normal,1.603649919303636,-0.499182149527495,Normal,1.5773126937511386,-0.5017877901999391,NORMAL
C0998,L10,Normal,Normal,Normal,1.6576953727048085,-0.4868527080080289,Normal,2.910909969485309,-0.0730358883015638,NORMAL
C0999,L10,Normal,Normal,Normal,1.6061656285376438,-0.509963325518042,Normal,0.9810609320989478,-0.4812236266835819,NORMAL
C1000,L10,Normal,Normal,Normal,1.5580262805536735,-0.4823359627174954,Normal,1.3266733881304114,-0.5100202118025721,NORMAL
