Component_ID,Predicted_168h,Feature,LIME_Weight
C0801,12.457258,Drift_0_24 <= 0.41,-3.4238437760363154
C0801,12.457258,9.68 < Value_0h <= 10.02,-1.6412847334088292
C0801,12.457258,Value_24h <= 10.26,-0.6600535929236303
C0801,12.457258,Percentage_Drift_0_24 <= 4.07,0.43294968611259177
C0802,24.702904,Drift_0_24 > 0.80,8.161136568661425
C0802,24.702904,Percentage_Drift_0_24 > 7.98,3.235375209986402
C0802,24.702904,Value_24h > 11.23,2.302791107364782
C0802,24.702904,Value_0h <= 9.68,-0.26828596743633576
C0803,13.241349,5.69 < Percentage_Drift_0_24 <= 7.98,-2.523318069599338
C0803,13.241349,0.56 < Drift_0_24 <= 0.80,-2.1887490003008496
C0803,13.241349,9.68 < Value_0h <= 10.02,-1.1925526094512628
C0803,13.241349,10.26 < Value_24h <= 10.67,-0.42892267754156216
C0804,12.117409,5.69 < Percentage_Drift_0_24 <= 7.98,-2.8235681488570012
C0804,12.117409,0.56 < Drift_0_24 <= 0.80,-2.4035460718648025
C0804,12.117409,Value_24h <= 10.26,-0.5912483311643535
C0804,12.117409,Value_0h <= 9.68,-0.4520613039262322
C0805,14.8348,0.41 < Drift_0_24 <= 0.56,-3.1296974398331527
C0805,14.8348,4.07 < Percentage_Drift_0_24 <= 5.69,-0.9695506493342093
C0805,14.8348,Value_24h <= 10.26,-0.9661738613613627
C0805,14.8348,Value_0h <= 9.68,-0.4506839662260811
C0806,12.778397,0.41 < Drift_0_24 <= 0.56,-3.0668253777437373
C0806,12.778397,4.07 < Percentage_Drift_0_24 <= 5.69,-1.369427470177586
C0806,12.778397,Value_24h <= 10.26,-0.8412610844003617
C0806,12.778397,Value_0h <= 9.68,-0.5174753723984469
C0807,14.086511,5.69 < Percentage_Drift_0_24 <= 7.98,-2.727705622202154
C0807,14.086511,0.56 < Drift_0_24 <= 0.80,-2.3641508299409377
C0807,14.086511,10.67 < Value_24h <= 11.23,-1.2212770269095519
C0807,14.086511,10.02 < Value_0h <= 10.35,0.08766111335757366
C0808,12.786652,5.69 < Percentage_Drift_0_24 <= 7.98,-2.5762401735623772
C0808,12.786652,0.56 < Drift_0_24 <= 0.80,-2.136341811457722
C0808,12.786652,9.68 < Value_0h <= 10.02,-1.8836406072101226
C0808,12.786652,10.26 < Value_24h <= 10.67,-0.23187140536357218
C0809,14.649051,0.41 < Drift_0_24 <= 0.56,-3.1247156302448844
C0809,14.649051,Value_0h > 10.35,2.164108607349162
C0809,14.649051,10.67 < Value_24h <= 11.23,-1.3327904860778002
C0809,14.649051,4.07 < Percentage_Drift_0_24 <= 5.69,-1.1467577435167011
C0810,13.147485,Drift_0_24 <= 0.41,-3.3758092843025254
C0810,13.147485,Value_0h > 10.35,2.3692930056339745
C0810,13.147485,10.67 < Value_24h <= 11.23,-1.186115989137739
C0810,13.147485,Percentage_Drift_0_24 <= 4.07,0.635818922229207
