Component_ID,Lot_ID,Value_0h,Value_24h,Value_96h,Value_168h,Component_Type,Ground_Truth,Drift_0_24,Percentage_Drift_0_24,Drift_24_96,Drift_96_168,Total_Drift_0_168,Lot_Mean_0h,Deviation_From_Lot_0h,Predicted_168h,Prediction_Error,Absolute_Error
C0801,L09,9.693,10.051,11.406,13.075,Normal,Normal,0.3580000000000005,3.693386980295064,1.3550000000000004,1.6689999999999987,3.382,10.05602,-0.3630200000000005,12.457258,0.6177417755126946,0.6177417755126946
C0802,L09,9.507,12.069,16.949,23.516,Gradual_Degradation,Anomaly,2.562000000000001,26.94856421584097,4.880000000000001,6.566999999999997,14.009,10.05602,-0.5490200000000005,24.702904,-1.1869037475585955,1.1869037475585955
C0803,L09,9.738,10.336,11.238,12.558,Normal,Normal,0.5980000000000008,6.1408913534606775,0.9019999999999992,1.3200000000000005,2.8200000000000003,10.05602,-0.3180200000000006,13.241349,-0.6833492202758791,0.6833492202758791
C0804,L09,9.445,10.174,10.756,11.992,Normal,Normal,0.7289999999999992,7.718369507676011,0.5820000000000007,1.2360000000000009,2.5470000000000006,10.05602,-0.6110199999999999,12.117409,-0.12540875244140537,0.12540875244140537
C0805,L09,9.638,10.099,10.938,11.832,Normal,Normal,0.4610000000000003,4.783150031126793,0.8390000000000004,0.8940000000000001,2.194000000000001,10.05602,-0.4180200000000003,14.8348,-3.0027997665405266,3.0027997665405266
C0806,L09,9.469,9.96,11.056,12.718,Normal,Normal,0.4910000000000014,5.185341641144803,1.0959999999999983,1.6620000000000008,3.249000000000001,10.05602,-0.5870200000000008,12.778397,-0.06039660644531253,0.06039660644531253
C0807,L09,10.07,10.769,11.628,12.456,Normal,Normal,0.6989999999999998,6.941410129096324,0.859,0.8279999999999994,2.3859999999999992,10.05602,0.0139800000000001,14.086511,-1.6305106582641606,1.6305106582641606
C0808,L09,9.877,10.496,11.274,12.751,Normal,Normal,0.6189999999999998,6.267085147311933,0.7779999999999987,1.4770000000000003,2.8739999999999988,10.05602,-0.1790199999999995,12.786652,-0.035651611328125554,0.035651611328125554
C0809,L09,10.475,11.024,11.952,12.284,Normal,Normal,0.5489999999999995,5.241050119331738,0.9280000000000008,0.3320000000000007,1.809000000000001,10.05602,0.4189799999999994,14.649051,-2.3650507125854485,2.3650507125854485
C0810,L09,10.372,10.705,22.018,26.128,Sudden_Degradation,Anomaly,0.3330000000000002,3.210566910914001,11.313,4.109999999999999,15.756,10.05602,0.3159799999999997,13.147485,12.98051522064209,12.98051522064209
C0811,L09,9.968,10.575,11.785,12.684,Normal,Normal,0.6069999999999993,6.089486356340282,1.2100000000000009,0.8989999999999991,2.716,10.05602,-0.0880200000000002,13.228662,-0.5446615371704109,0.5446615371704109
C0812,L09,10.757,12.916,17.276,23.368,Gradual_Degradation,Anomaly,2.1590000000000007,20.070651668680867,4.359999999999999,6.091999999999999,12.611,10.05602,0.7009799999999995,26.155094,-2.787094146728517,2.787094146728517
C0813,L09,9.803,12.204,17.332,25.903,Gradual_Degradation,Anomaly,2.401,24.492502295215747,5.128,8.570999999999998,16.099999999999998,10.05602,-0.2530199999999993,24.186352,1.7166482238769518,1.7166482238769518
C0814,L09,10.392,12.641,17.196,25.066,Gradual_Degradation,Anomaly,2.249000000000001,21.64164742109316,4.5550000000000015,7.869999999999997,14.674,10.05602,0.3359799999999993,25.553368,-0.4873676147460948,0.4873676147460948
C0815,L09,10.835,11.146,11.923,13.44,Normal,Normal,0.3109999999999999,2.870327641901245,0.7769999999999992,1.5169999999999997,2.604999999999998,10.05602,0.7789800000000007,18.932074,-5.492073593139649,5.492073593139649
C0816,L09,9.432,11.627,15.495,23.714,Gradual_Degradation,Anomaly,2.1950000000000003,23.271840542832912,3.867999999999999,8.219,14.281999999999998,10.05602,-0.6240199999999998,24.246984,-0.5329844818115248,0.5329844818115248
C0817,L09,10.505,10.836,11.571,11.535,Normal,Normal,0.3309999999999995,3.150880533079481,0.7349999999999994,-0.0359999999999995,1.0299999999999994,10.05602,0.4489800000000006,13.023406,-1.4884060287475585,1.4884060287475585
C0818,L09,10.03,12.41,17.133,23.521,Gradual_Degradation,Anomaly,2.380000000000001,23.72881355932204,4.722999999999999,6.388000000000002,13.491,10.05602,-0.0260200000000008,25.628258,-2.107257751464843,2.107257751464843
C0819,L09,9.869,10.301,11.527,12.052,Normal,Normal,0.4320000000000004,4.377343195865847,1.225999999999999,0.5250000000000004,2.183,10.05602,-0.1870200000000004,16.789698,-4.737697647094727,4.737697647094727
C0820,L09,10.091,10.834,12.035,13.646,Normal,Normal,0.7430000000000003,7.362996729759195,1.2010000000000003,1.6110000000000009,3.555000000000001,10.05602,0.0349799999999991,16.991476,-3.34547605895996,3.34547605895996
C0821,L09,10.444,18.205,26.484,42.212,Latent_Defect,Anomaly,7.760999999999997,74.31060896208346,8.279000000000003,15.728000000000002,31.768,10.05602,0.3879800000000006,42.92162,-0.7096194152831998,0.7096194152831998
C0822,L09,9.714,10.254,24.555,28.782,Sudden_Degradation,Anomaly,0.5399999999999991,5.5589870290302565,14.301,4.227,19.068,10.05602,-0.3420199999999997,12.083056,16.698943550109863,16.698943550109863
C0823,L09,10.19,10.936,12.285,13.25,Normal,Normal,0.7460000000000004,7.320902845927385,1.3490000000000002,0.965,3.0600000000000005,10.05602,0.1339799999999993,14.067996,-0.8179960250854492,0.8179960250854492
C0824,L09,10.427,10.853,12.014,13.185,Normal,Normal,0.4260000000000001,4.08554713723986,1.1609999999999996,1.1710000000000012,2.758000000000001,10.05602,0.3709799999999994,15.179792,-1.9947924041748042,1.9947924041748042
C0825,L09,9.86,10.104,11.199,12.934,Normal,Normal,0.2439999999999997,2.474645030425961,1.0950000000000006,1.7349999999999994,3.074,10.05602,-0.1960200000000007,13.668375,-0.7343750152587898,0.7343750152587898
C0826,L09,9.416,10.02,10.992,11.897,Normal,Normal,0.6039999999999992,6.414613423959209,0.9720000000000012,0.9049999999999994,2.481,10.05602,-0.6400199999999998,12.384983,-0.4879830627441404,0.4879830627441404
C0827,L09,10.558,11.096,12.272,13.239,Normal,Normal,0.5380000000000003,5.095662057207807,1.1760000000000002,0.9670000000000004,2.681000000000001,10.05602,0.5019799999999996,12.471399,0.7676006927490242,0.7676006927490242
C0828,L09,10.167,10.701,11.518,12.663,Normal,Normal,0.5340000000000007,5.252286810268523,0.8170000000000002,1.1449999999999996,2.4960000000000004,10.05602,0.1109799999999996,13.065349,-0.4023486251831052,0.4023486251831052
C0829,L09,10.156,10.278,10.933,12.071,Normal,Normal,0.1219999999999998,1.2012603387160286,0.6549999999999994,1.138,1.9149999999999991,10.05602,0.0999800000000004,12.77474,-0.7037402191162112,0.7037402191162112
C0830,L09,10.729,16.233,28.944,43.327,Latent_Defect,Anomaly,5.504000000000001,51.30021437226211,12.711,14.383,32.598,10.05602,0.672979999999999,38.26599,5.061008789062498,5.061008789062498
C0831,L09,10.253,11.043,12.377,13.981,Normal,Normal,0.7899999999999991,7.705061933092745,1.3340000000000014,1.6039999999999992,3.728,10.05602,0.1969799999999999,12.634881,1.3461189804077147,1.3461189804077147
C0832,L09,9.875,10.876,11.949,12.116,Normal,Normal,1.0009999999999994,10.136708860759487,1.0730000000000004,0.1669999999999998,2.241,10.05602,-0.1810200000000001,14.268244,-2.152243789672852,2.152243789672852
C0833,L09,10.277,10.667,11.629,12.298,Normal,Normal,0.3900000000000005,3.79488177483702,0.9619999999999996,0.6690000000000005,2.021000000000001,10.05602,0.220979999999999,13.784622,-1.4866221923828125,1.4866221923828125
C0834,L09,9.62,10.506,10.914,12.214,Normal,Normal,0.886000000000001,9.209979209979222,0.4079999999999995,1.3000000000000007,2.594000000000001,10.05602,-0.4360200000000009,14.319491,-2.105491386413574,2.105491386413574
C0835,L09,8.967,10.979,15.955,23.409,Gradual_Degradation,Anomaly,2.0119999999999987,22.4378275900524,4.976000000000001,7.453999999999999,14.441999999999998,10.05602,-1.0890199999999997,25.552752,-2.1437515411376964,2.1437515411376964
C0836,L09,10.298,10.752,12.245,13.389,Normal,Normal,0.4540000000000006,4.408623033598763,1.4929999999999986,1.144,3.091,10.05602,0.2419799999999998,17.196367,-3.807367263793946,3.807367263793946
C0837,L09,9.568,16.537,33.319,48.073,Latent_Defect,Anomaly,6.968999999999999,72.83653846153845,16.782000000000004,14.753999999999998,38.505,10.05602,-0.4880200000000005,42.019955,6.053045318603516,6.053045318603516
C0838,L09,9.95,10.131,10.984,12.238,Normal,Normal,0.1810000000000009,1.8190954773869443,0.8529999999999998,1.2539999999999996,2.2880000000000003,10.05602,-0.1060200000000008,14.244383,-2.0063828582763676,2.0063828582763676
C0839,L09,10.011,11.449,16.544,23.869,Gradual_Degradation,Anomaly,1.4380000000000006,14.364199380681258,5.095000000000001,7.324999999999999,13.858,10.05602,-0.0450200000000009,23.470835,0.3981652679443357,0.3981652679443357
C0840,L09,10.589,11.046,11.891,12.856,Normal,Normal,0.4569999999999989,4.3157994144867216,0.8450000000000006,0.965,2.2669999999999995,10.05602,0.5329800000000002,13.821042,-0.9650420608520509,0.9650420608520509
C0841,L09,11.085,11.3,11.93,12.481,Normal,Normal,0.2149999999999998,1.93955796120884,0.629999999999999,0.5510000000000002,1.395999999999999,10.05602,1.028980000000001,13.385581,-0.9045810165405275,0.9045810165405275
C0842,L09,9.862,10.199,11.678,12.999,Normal,Normal,0.3369999999999997,3.417156763334007,1.479000000000001,1.3209999999999995,3.1370000000000005,10.05602,-0.19402,12.272841,0.7261585464477545,0.7261585464477545
C0843,L09,10.431,10.648,12.134,13.089,Normal,Normal,0.2170000000000005,2.080337455661016,1.4860000000000009,0.955,2.6580000000000013,10.05602,0.374979999999999,14.354565,-1.2655646667480465,1.2655646667480465
C0844,L09,9.518,9.787,24.743,29.054,Sudden_Degradation,Anomaly,0.2690000000000001,2.82622399663795,14.955999999999998,4.311,19.536,10.05602,-0.5380199999999995,12.482556,16.571443656921385,16.571443656921385
C0845,L09,10.102,10.756,11.524,12.032,Normal,Normal,0.6539999999999999,6.473965551375964,0.7679999999999989,0.5080000000000009,1.93,10.05602,0.0459800000000001,12.481266,-0.4492660217285156,0.4492660217285156
C0846,L09,10.096,10.825,11.794,12.951,Normal,Normal,0.7289999999999992,7.2206814580031615,0.9690000000000012,1.157,2.8550000000000004,10.05602,0.0399799999999999,18.118238,-5.167238449096679,5.167238449096679
C0847,L09,9.631,10.167,11.204,12.488,Normal,Normal,0.5359999999999996,5.565361852351777,1.0370000000000008,1.283999999999999,2.857,10.05602,-0.4250199999999999,13.773915,-1.28591529083252,1.28591529083252
C0848,L09,10.11,11.706,17.476,25.239,Gradual_Degradation,Anomaly,1.596,15.786350148367951,5.77,7.763000000000002,15.129,10.05602,0.0539799999999992,25.263065,-0.024065338134764858,0.024065338134764858
C0849,L09,10.375,10.931,11.812,12.505,Normal,Normal,0.5559999999999992,5.3590361445783055,0.8810000000000002,0.6930000000000014,2.130000000000001,10.05602,0.3189799999999998,12.918214,-0.4132138442993156,0.4132138442993156
C0850,L09,10.382,11.107,12.279,12.997,Normal,Normal,0.7249999999999996,6.983240223463684,1.1720000000000006,0.718,2.615,10.05602,0.3259799999999995,16.40061,-3.4036099700927736,3.4036099700927736
C0851,L09,9.231,9.702,10.674,11.576,Normal,Normal,0.4710000000000001,5.102372440688984,0.9719999999999996,0.902000000000001,2.3450000000000006,10.05602,-0.8250200000000003,11.215711,0.36028936004638723,0.36028936004638723
C0852,L09,9.413,16.309,27.532,40.921,Latent_Defect,Anomaly,6.896000000000001,73.2603845745246,11.223,13.389,31.508,10.05602,-0.6430199999999999,41.443344,-0.5223441162109381,0.5223441162109381
C0853,L09,10.317,10.677,11.568,12.588,Normal,Normal,0.3599999999999994,3.489386449549282,0.891,1.0199999999999996,2.270999999999999,10.05602,0.26098,12.703326,-0.11532622528076253,0.11532622528076253
C0854,L09,9.971,11.769,17.456,25.536,Gradual_Degradation,Anomaly,1.798,18.032293651589608,5.686999999999999,8.080000000000002,15.565,10.05602,-0.0850200000000001,24.392828,1.143172012329103,1.143172012329103
C0855,L09,10.57,10.992,12.042,13.209,Normal,Normal,0.4220000000000006,3.9924314096499582,1.049999999999999,1.1669999999999998,2.639,10.05602,0.5139800000000001,14.002366,-0.7933660659790043,0.7933660659790043
C0856,L09,10.279,10.744,12.115,12.702,Normal,Normal,0.4649999999999998,4.523786360540908,1.3710000000000004,0.5869999999999997,2.423,10.05602,0.2229799999999997,13.719031,-1.0170313339233399,1.0170313339233399
C0857,L09,10.298,12.062,16.933,24.308,Gradual_Degradation,Anomaly,1.7639999999999991,17.12953971644979,4.871,7.375,14.01,10.05602,0.2419799999999998,26.305658,-1.9976583404541017,1.9976583404541017
C0858,L09,9.51,15.42,30.123,45.895,Latent_Defect,Anomaly,5.91,62.14511041009464,14.703,15.772000000000002,36.385000000000005,10.05602,-0.5460200000000004,38.284283,7.610717315673831,7.610717315673831
C0859,L09,9.969,12.066,17.91,25.723,Gradual_Degradation,Anomaly,2.0970000000000013,21.03520914835993,5.843999999999999,7.812999999999999,15.754,10.05602,-0.0870200000000007,24.742443,0.9805569152832021,0.9805569152832021
C0860,L09,9.662,11.224,17.471,23.941,Gradual_Degradation,Anomaly,1.5619999999999994,16.16642517077209,6.247,6.469999999999999,14.278999999999998,10.05602,-0.3940199999999993,23.840103,0.10089685058593645,0.10089685058593645
C0861,L09,10.815,11.24,12.197,13.068,Normal,Normal,0.4250000000000007,3.929727230698112,0.956999999999999,0.8710000000000004,2.253,10.05602,0.7589799999999993,24.714125,-11.64612467956543,11.64612467956543
C0862,L09,9.364,9.845,10.662,11.607,Normal,Normal,0.4809999999999998,5.136693720632207,0.8170000000000002,0.9449999999999984,2.2429999999999986,10.05602,-0.6920199999999994,11.486495,0.12050498199462822,0.12050498199462822
C0863,L09,10.479,11.02,12.526,13.926,Normal,Normal,0.5410000000000004,5.162706365111179,1.5060000000000002,1.4000000000000004,3.447000000000001,10.05602,0.422979999999999,14.045122,-0.11912214660644516,0.11912214660644516
C0864,L09,10.849,11.213,12.14,13.141,Normal,Normal,0.363999999999999,3.355147939902286,0.9270000000000014,1.0009999999999994,2.292,10.05602,0.79298,14.962115,-1.8211152877807617,1.8211152877807617
C0865,L09,10.535,11.29,12.336,13.319,Normal,Normal,0.754999999999999,7.166587565258651,1.0460000000000012,0.9830000000000004,2.7840000000000007,10.05602,0.4789799999999999,14.220394,-0.9013941345214835,0.9013941345214835
C0866,L09,10.033,9.991,26.228,32.867,Sudden_Degradation,Anomaly,-0.0419999999999998,-0.418618558756103,16.237000000000002,6.638999999999996,22.834,10.05602,-0.0230200000000007,14.042163,18.82483710479736,18.82483710479736
C0867,L09,10.191,10.753,11.046,11.84,Normal,Normal,0.5619999999999994,5.514669806692173,0.2929999999999992,0.7940000000000005,1.6489999999999991,10.05602,0.1349800000000005,12.533696,-0.6936961746215822,0.6936961746215822
C0868,L09,9.617,10.11,11.407,12.32,Normal,Normal,0.4929999999999985,5.12633877508577,1.2970000000000006,0.9130000000000004,2.7029999999999994,10.05602,-0.4390199999999993,15.952548,-3.632548027038574,3.632548027038574
C0869,L09,10.263,10.668,11.109,12.154,Normal,Normal,0.4049999999999993,3.946214557147027,0.4410000000000007,1.045,1.891,10.05602,0.2069799999999997,13.148109,-0.9941094360351563,0.9941094360351563
C0870,L09,10.573,11.053,11.964,12.866,Normal,Normal,0.4800000000000004,4.5398656956398415,0.9109999999999996,0.9019999999999992,2.293,10.05602,0.5169800000000002,12.979349,-0.1133491363525394,0.1133491363525394
C0871,L09,10.493,10.851,11.672,12.477,Normal,Normal,0.3580000000000005,3.4117983417516493,0.8209999999999997,0.8049999999999997,1.984,10.05602,0.4369800000000001,12.745034,-0.26803421783447234,0.26803421783447234
C0872,L09,10.23,10.695,11.692,12.815,Normal,Normal,0.4649999999999998,4.545454545454544,0.997,1.122999999999999,2.584999999999999,10.05602,0.1739800000000002,14.127444,-1.3124442672729497,1.3124442672729497
C0873,L09,10.907,17.564,27.62,43.584,Latent_Defect,Anomaly,6.657,61.03419822132575,10.056,15.964000000000002,32.67700000000001,10.05602,0.8509799999999998,44.523922,-0.9399219665527312,0.9399219665527312
C0874,L09,9.951,10.229,11.105,12.079,Normal,Normal,0.2779999999999987,2.793689076474713,0.8760000000000012,0.9740000000000002,2.128,10.05602,-0.1050199999999996,13.1442,-1.0652003250122064,1.0652003250122064
C0875,L09,10.198,10.751,11.238,13.293,Normal,Normal,0.552999999999999,5.4226318886056,0.4870000000000001,2.055,3.094999999999999,10.05602,0.1419800000000002,13.509811,-0.21681140136718824,0.21681140136718824
C0876,L09,10.447,10.896,28.09,31.524,Sudden_Degradation,Anomaly,0.4490000000000016,4.297884560160828,17.194,3.434000000000001,21.077,10.05602,0.390979999999999,19.089846,12.434154342651368,12.434154342651368
C0877,L09,8.496,9.11,9.616,10.858,Normal,Normal,0.613999999999999,7.226930320150647,0.5060000000000002,1.2420000000000009,2.362,10.05602,-1.5600199999999995,13.397486,-2.539485733032226,2.539485733032226
C0878,L09,9.662,15.091,27.312,40.059,Latent_Defect,Anomaly,5.428999999999999,56.189194783688656,12.221000000000002,12.746999999999996,30.397,10.05602,-0.3940199999999993,34.01932,6.039678558349607,6.039678558349607
C0879,L09,10.247,10.176,11.002,11.899,Normal,Normal,-0.0709999999999997,-0.6928857226505292,0.8260000000000005,0.8969999999999985,1.6519999999999992,10.05602,0.1909799999999997,14.010805,-2.1118051300048837,2.1118051300048837
C0880,L09,9.92,10.506,11.52,12.743,Normal,Normal,0.5860000000000003,5.907258064516132,1.0139999999999991,1.2230000000000008,2.8230000000000004,10.05602,-0.1360200000000002,13.570595,-0.8275947875976559,0.8275947875976559
C0881,L09,10.928,12.736,19.326,29.607,Gradual_Degradation,Anomaly,1.808,16.544655929721813,6.59,10.281,18.679,10.05602,0.8719800000000006,26.270937,3.3360630340576165,3.3360630340576165
C0882,L09,9.412,16.077,28.065,44.422,Latent_Defect,Anomaly,6.665000000000001,70.81385465363367,11.988,16.356999999999996,35.01,10.05602,-0.6440199999999994,41.82429,2.59770877075195,2.59770877075195
C0883,L09,9.313,9.917,10.962,12.735,Normal,Normal,0.6039999999999992,6.485557822398788,1.045,1.7729999999999997,3.421999999999999,10.05602,-0.7430199999999996,11.8397045,0.8952954864501947,0.8952954864501947
C0884,L09,10.643,11.021,11.552,12.081,Normal,Normal,0.3780000000000001,3.551630179460679,0.5309999999999988,0.5289999999999999,1.4379999999999988,10.05602,0.5869800000000005,14.742585,-2.661585182189942,2.661585182189942
C0885,L09,10.718,11.148,12.255,13.801,Normal,Normal,0.4299999999999997,4.011942526590779,1.107000000000001,1.5459999999999994,3.083,10.05602,0.6619799999999998,20.311438,-6.510437606811523,6.510437606811523
C0886,L09,10.537,10.927,11.935,12.318,Normal,Normal,0.3899999999999988,3.701243238113303,1.008000000000001,0.3829999999999991,1.7809999999999988,10.05602,0.4809800000000006,16.385082,-4.067082244873047,4.067082244873047
C0887,L09,10.082,11.021,12.043,13.232,Normal,Normal,0.939,9.31362824836342,1.0219999999999985,1.189,3.1499999999999986,10.05602,0.0259800000000005,15.820188,-2.5881875686645515,2.5881875686645515
C0888,L09,10.529,11.068,11.817,13.387,Normal,Normal,0.5389999999999997,5.119194605375626,0.7490000000000006,1.5700000000000005,2.8580000000000005,10.05602,0.4729799999999997,13.235686,0.15131369781494186,0.15131369781494186
C0889,L09,9.954,10.277,11.162,12.381,Normal,Normal,0.3229999999999986,3.244926662648168,0.8850000000000016,1.2189999999999994,2.427,10.05602,-0.1020199999999995,13.046683,-0.6656833114624021,0.6656833114624021
C0890,L09,9.625,9.876,24.756,30.249,Sudden_Degradation,Anomaly,0.2509999999999994,2.607792207792202,14.88,5.492999999999999,20.624,10.05602,-0.4310200000000002,11.968273,18.280726837158202,18.280726837158202
C0891,L09,10.145,10.246,11.528,12.168,Normal,Normal,0.1010000000000008,0.9955643173977414,1.282,0.6399999999999988,2.023,10.05602,0.0889799999999993,14.039456,-1.8714563674926765,1.8714563674926765
C0892,L09,9.213,9.469,9.863,10.822,Normal,Normal,0.2560000000000002,2.7786822967545888,0.3940000000000001,0.9589999999999996,1.609,10.05602,-0.843020000000001,13.885727,-3.0637269287109383,3.0637269287109383
C0893,L09,9.701,15.734,25.092,34.845,Latent_Defect,Anomaly,6.033,62.18946500360787,9.358,9.753,25.144,10.05602,-0.3550199999999996,42.11975,-7.274750976562501,7.274750976562501
C0894,L09,10.145,10.654,12.002,13.391,Normal,Normal,0.5090000000000003,5.017249876786599,1.3480000000000008,1.3889999999999991,3.2460000000000004,10.05602,0.0889799999999993,16.736128,-3.3451278533935547,3.3451278533935547
C0895,L09,9.61,10.151,11.195,11.932,Normal,Normal,0.5410000000000004,5.629552549427683,1.0440000000000005,0.7370000000000001,2.322000000000001,10.05602,-0.4460200000000007,12.521562,-0.5895616226196285,0.5895616226196285
C0896,L09,9.588,11.861,15.674,23.465,Gradual_Degradation,Anomaly,2.273000000000001,23.706716729244903,3.812999999999999,7.791,13.877,10.05602,-0.468020000000001,24.88634,-1.4213391876220705,1.4213391876220705
C0897,L09,10.603,10.798,11.683,12.411,Normal,Normal,0.1950000000000002,1.8391021409035209,0.8849999999999998,0.7279999999999998,1.808,10.05602,0.5469799999999996,12.490847,-0.07984663391113322,0.07984663391113322
C0898,L09,9.627,9.991,10.699,11.981,Normal,Normal,0.363999999999999,3.7810325127246176,0.7080000000000002,1.282,2.353999999999999,10.05602,-0.4290199999999995,13.656373,-1.6753730239868165,1.6753730239868165
C0899,L09,9.346,14.748,24.474,36.688,Latent_Defect,Anomaly,5.401999999999999,57.80012839717526,9.726,12.214000000000002,27.342,10.05602,-0.7100200000000001,38.39683,-1.7088315124511695,1.7088315124511695
C0900,L09,10.766,11.273,25.454,31.46,Sudden_Degradation,Anomaly,0.5069999999999997,4.70926992383429,14.181,6.006,20.694000000000003,10.05602,0.7099799999999998,16.564426,14.89557357788086,14.89557357788086
C0901,L10,9.436,10.162,10.645,11.279,Normal,Normal,0.7260000000000009,7.693938109368386,0.4829999999999987,0.6340000000000003,1.843,9.99168,-0.5556800000000006,13.467939,-2.1889393768310548,2.1889393768310548
C0902,L10,10.523,11.175,11.997,13.357,Normal,Normal,0.652000000000001,6.1959517247933205,0.8219999999999992,1.3599999999999994,2.834,9.99168,0.5313199999999991,15.06779,-1.7107900314331062,1.7107900314331062
C0903,L10,10.85,11.269,12.595,14.236,Normal,Normal,0.4190000000000005,3.861751152073737,1.3260000000000003,1.641,3.386000000000001,9.99168,0.8583199999999991,26.933691,-12.697691024780273,12.697691024780273
C0904,L10,10.211,11.022,11.403,12.276,Normal,Normal,0.8109999999999999,7.942415042601116,0.3810000000000002,0.8729999999999993,2.0649999999999995,9.99168,0.2193199999999997,14.360197,-2.0841970672607424,2.0841970672607424
C0905,L10,10.471,11.009,12.106,14.018,Normal,Normal,0.5380000000000003,5.138000191003727,1.0969999999999995,1.9120000000000008,3.5470000000000006,9.99168,0.4793199999999995,12.823952,1.1940482788085944,1.1940482788085944
C0906,L10,9.017,9.5,9.89,10.909,Normal,Normal,0.4830000000000005,5.356548741266503,0.3900000000000005,1.019,1.8920000000000008,9.99168,-0.9746800000000012,18.146847,-7.237846771240234,7.237846771240234
C0907,L10,9.875,10.041,10.86,11.987,Normal,Normal,0.1660000000000003,1.681012658227852,0.8189999999999991,1.127000000000001,2.112,9.99168,-0.1166800000000005,12.144161,-0.15716122436523428,0.15716122436523428
C0908,L10,10.325,12.557,17.803,24.979,Gradual_Degradation,Anomaly,2.232000000000001,21.6174334140436,5.246,7.175999999999998,14.654,9.99168,0.3333199999999987,25.598602,-0.6196022949218758,0.6196022949218758
C0909,L10,10.138,10.877,12.393,12.396,Normal,Normal,0.7390000000000008,7.28940619451569,1.516,0.0030000000000001,2.258000000000001,9.99168,0.1463199999999993,14.199193,-1.8031930007934562,1.8031930007934562
C0910,L10,10.048,10.484,10.961,11.742,Normal,Normal,0.4359999999999999,4.3391719745222925,0.4770000000000003,0.7810000000000006,1.6940000000000008,9.99168,0.0563199999999994,17.507982,-5.765982254028319,5.765982254028319
C0911,L10,9.454,9.981,10.831,12.006,Normal,Normal,0.5269999999999992,5.574360059234178,0.8499999999999996,1.1750000000000007,2.552,9.99168,-0.5376799999999999,12.070915,-0.06491522216796852,0.06491522216796852
C0912,L10,10.039,10.75,11.839,12.528,Normal,Normal,0.7110000000000003,7.08237872298038,1.0890000000000004,0.6890000000000001,2.4890000000000008,9.99168,0.0473199999999991,14.6575775,-2.129577514648437,2.129577514648437
C0913,L10,10.079,10.614,11.492,12.245,Normal,Normal,0.5350000000000001,5.308066276416312,0.8780000000000001,0.7529999999999983,2.1659999999999986,9.99168,0.08732,13.474381,-1.2293814468383797,1.2293814468383797
C0914,L10,10.288,10.758,11.913,13.241,Normal,Normal,0.4699999999999988,4.568429237947112,1.1550000000000011,1.3279999999999994,2.9529999999999994,9.99168,0.2963199999999997,13.286373,-0.045373138427734716,0.045373138427734716
C0915,L10,10.162,10.556,11.136,12.625,Normal,Normal,0.3939999999999983,3.877189529620137,0.5800000000000001,1.4890000000000008,2.462999999999999,9.99168,0.1703200000000002,14.211895,-1.5868949890136719,1.5868949890136719
C0916,L10,10.16,10.628,11.952,13.329,Normal,Normal,0.4679999999999999,4.606299212598425,1.3239999999999998,1.377000000000001,3.1690000000000005,9.99168,0.1683199999999995,15.506802,-2.1778016052246087,2.1778016052246087
C0917,L10,10.244,10.958,12.064,12.715,Normal,Normal,0.7140000000000004,6.969933619679816,1.106,0.6509999999999998,2.471,9.99168,0.2523199999999992,16.857296,-4.1422959899902345,4.1422959899902345
C0918,L10,9.729,10.215,11.377,12.728,Normal,Normal,0.4860000000000006,4.99537465309899,1.1620000000000008,1.350999999999999,2.999000000000001,9.99168,-0.2626800000000013,14.718296,-1.9902960510253909,1.9902960510253909
C0919,L10,9.666,10.154,11.387,12.364,Normal,Normal,0.4879999999999995,5.048624043037446,1.2330000000000003,0.9770000000000004,2.6980000000000004,9.99168,-0.3256800000000002,13.045491,-0.6814912185668938,0.6814912185668938
C0920,L10,9.305,10.013,10.908,11.021,Normal,Normal,0.7080000000000002,7.608812466415908,0.8949999999999996,0.1130000000000013,1.716000000000001,9.99168,-0.6866800000000008,13.814732,-2.79373159790039,2.79373159790039
C0921,L10,10.685,10.968,11.67,13.038,Normal,Normal,0.2829999999999995,2.64857276555919,0.702,1.3680000000000003,2.353,9.99168,0.6933199999999999,13.143015,-0.1050149078369138,0.1050149078369138
C0922,L10,9.619,10.044,11.075,11.882,Normal,Normal,0.4250000000000007,4.41833870464706,1.0309999999999988,0.8070000000000004,2.263,9.99168,-0.3726800000000008,16.708176,-4.826175659179688,4.826175659179688
C0923,L10,9.109,9.163,10.462,11.674,Normal,Normal,0.0540000000000002,0.5928202876276241,1.2989999999999997,1.2119999999999995,2.5649999999999995,9.99168,-0.8826800000000006,12.522823,-0.8488233337402349,0.8488233337402349
C0924,L10,9.767,11.162,15.889,24.389,Gradual_Degradation,Anomaly,1.3950000000000014,14.282788983311164,4.726999999999999,8.5,14.622,9.99168,-0.2246800000000011,22.55759,1.8314095153808587,1.8314095153808587
C0925,L10,9.322,9.866,10.802,12.274,Normal,Normal,0.5440000000000005,5.835657584209403,0.936,1.4719999999999995,2.952,9.99168,-0.6696800000000014,13.177665,-0.9036647567749032,0.9036647567749032
C0926,L10,10.298,10.394,11.538,13.137,Normal,Normal,0.096,0.9322198485142754,1.144,1.5990000000000002,2.8390000000000004,9.99168,0.3063199999999995,17.651379,-4.514378631591796,4.514378631591796
C0927,L10,9.753,10.153,11.19,11.94,Normal,Normal,0.4000000000000003,4.101302163436895,1.036999999999999,0.75,2.1869999999999994,9.99168,-0.2386800000000004,13.5411625,-1.601162490844727,1.601162490844727
C0928,L10,10.048,11.811,15.885,22.552,Gradual_Degradation,Anomaly,1.763,17.545780254777068,4.074,6.667,12.504,9.99168,0.0563199999999994,25.247751,-2.6957512359619145,2.6957512359619145
C0929,L10,9.224,9.857,11.081,12.64,Normal,Normal,0.6329999999999991,6.862532523850814,1.2240000000000002,1.559000000000001,3.4160000000000004,9.99168,-0.7676800000000004,11.761251,0.8787485504150396,0.8787485504150396
C0930,L10,10.779,11.383,12.209,12.746,Normal,Normal,0.6039999999999992,5.603488264217452,0.8260000000000005,0.5370000000000008,1.9670000000000003,9.99168,0.7873199999999994,19.167738,-6.421737960815429,6.421737960815429
C0931,L10,10.425,17.843,27.55,42.481,Latent_Defect,Anomaly,7.417999999999999,71.15587529976018,9.707,14.931,32.056,9.99168,0.4333200000000001,42.38261,0.09838967895507977,0.09838967895507977
C0932,L10,10.934,13.431,19.108,27.622,Gradual_Degradation,Anomaly,2.497,22.83702213279678,5.677000000000001,8.514,16.688000000000002,9.99168,0.9423199999999988,25.811924,1.8100760192871093,1.8100760192871093
C0933,L10,9.769,10.421,11.481,12.448,Normal,Normal,0.6519999999999992,6.6741734056709925,1.0600000000000005,0.9670000000000004,2.6790000000000003,9.99168,-0.2226800000000004,13.129193,-0.6811933059692379,0.6811933059692379
C0934,L10,10.039,10.447,11.194,12.415,Normal,Normal,0.4079999999999995,4.064149815718692,0.7470000000000017,1.2209999999999983,2.3759999999999994,9.99168,0.0473199999999991,14.227868,-1.812868080139161,1.812868080139161
C0935,L10,9.983,10.164,24.242,28.869,Sudden_Degradation,Anomaly,0.1809999999999991,1.8130822398076645,14.078,4.626999999999999,18.886,9.99168,-0.00868,13.824823,15.044176620483398,15.044176620483398
C0936,L10,10.002,10.826,26.617,30.66,Sudden_Degradation,Anomaly,0.8239999999999998,8.23835232953409,15.791,4.042999999999999,20.658,9.99168,0.0103200000000001,16.889462,13.770538482666016,13.770538482666016
C0937,L10,9.705,10.114,11.554,12.769,Normal,Normal,0.4090000000000007,4.214322514167962,1.4399999999999995,1.215,3.064,9.99168,-0.2866800000000005,15.648615,-2.8796148834228514,2.8796148834228514
C0938,L10,9.746,9.874,10.587,11.046,Normal,Normal,0.1280000000000001,1.313359326903346,0.7129999999999992,0.4589999999999996,1.299999999999999,9.99168,-0.2456800000000001,12.245472,-1.1994719543457038,1.1994719543457038
C0939,L10,9.208,9.791,25.785,30.491,Sudden_Degradation,Anomaly,0.5830000000000002,6.33145091225022,15.994,4.706,21.283,9.99168,-0.7836800000000004,12.614385,17.876615348815918,17.876615348815918
C0940,L10,10.147,10.498,26.814,31.744,Sudden_Degradation,Anomaly,0.3509999999999991,3.4591504878289063,16.316000000000003,4.93,21.597,9.99168,0.1553199999999996,14.918792,16.82520822906494,16.82520822906494
C0941,L10,9.407,10.118,10.946,11.835,Normal,Normal,0.7110000000000003,7.558201339428089,0.8279999999999994,0.8890000000000011,2.428000000000001,9.99168,-0.5846800000000005,14.403041,-2.568040885925292,2.568040885925292
C0942,L10,10.679,11.108,12.213,12.854,Normal,Normal,0.4290000000000002,4.017230077722635,1.1049999999999986,0.641,2.174999999999999,9.99168,0.6873199999999997,17.167356,-4.313356491088868,4.313356491088868
C0943,L10,9.756,10.471,12.063,13.229,Normal,Normal,0.7149999999999999,7.32882328823288,1.5920000000000003,1.1659999999999986,3.472999999999999,9.99168,-0.2356800000000003,15.712542,-2.483541580200196,2.483541580200196
C0944,L10,10.517,11.31,12.294,13.074,Normal,Normal,0.793000000000001,7.540173053152049,0.984,0.7799999999999994,2.5570000000000004,9.99168,0.5253199999999989,13.566645,-0.4926446685791017,0.4926446685791017
C0945,L10,10.084,12.462,18.334,27.534,Gradual_Degradation,Anomaly,2.378,23.58191193970647,5.872,9.2,17.45,9.99168,0.092319999999999,25.982523,1.5514770355224599,1.5514770355224599
C0946,L10,9.455,11.772,16.946,24.642,Gradual_Degradation,Anomaly,2.317,24.50555261766261,5.174000000000001,7.695999999999998,15.187,9.99168,-0.5366800000000005,24.37353,0.2684705657958979,0.2684705657958979
C0947,L10,9.891,10.544,11.027,11.254,Normal,Normal,0.6530000000000005,6.601961379031447,0.4829999999999987,0.2270000000000003,1.3629999999999995,9.99168,-0.1006800000000005,12.333674,-1.0796744308471684,1.0796744308471684
C0948,L10,10.535,10.88,26.62,32.205,Sudden_Degradation,Anomaly,0.3450000000000006,3.274798291409593,15.74,5.584999999999997,21.67,9.99168,0.5433199999999996,12.771366,19.433633880615233,19.433633880615233
C0949,L10,9.95,10.438,11.508,12.796,Normal,Normal,0.4880000000000013,4.90452261306534,1.0699999999999985,1.2880000000000005,2.846,9.99168,-0.0416800000000012,14.012009,-1.2160086669921881,1.2160086669921881
C0950,L10,9.521,11.87,16.806,24.506,Gradual_Degradation,Anomaly,2.3489999999999984,24.671778174561474,4.936000000000002,7.699999999999999,14.985,9.99168,-0.4706799999999997,24.898062,-0.3920617523193357,0.3920617523193357
C0951,L10,9.497,11.641,17.201,23.984,Gradual_Degradation,Anomaly,2.144,22.57555017373908,5.5600000000000005,6.783000000000001,14.487000000000002,9.99168,-0.4946800000000007,24.938864,-0.9548637542724592,0.9548637542724592
C0952,L10,10.814,10.993,12.23,13.002,Normal,Normal,0.1790000000000002,1.6552616977991517,1.237,0.7720000000000002,2.1880000000000006,9.99168,0.8223199999999995,20.1627,-7.160700653076171,7.160700653076171
C0953,L10,10.426,16.197,28.209,43.926,Latent_Defect,Anomaly,5.770999999999999,55.35200460387492,12.012,15.717000000000002,33.5,9.99168,0.4343199999999996,38.485447,5.440553070068361,5.440553070068361
C0954,L10,9.803,17.122,27.93,41.331,Latent_Defect,Anomaly,7.318999999999999,74.66081811690297,10.808,13.401000000000003,31.528,9.99168,-0.1886799999999997,42.408897,-1.0778973999023407,1.0778973999023407
C0955,L10,10.404,10.788,11.711,12.446,Normal,Normal,0.3840000000000003,3.690888119953868,0.923,0.7349999999999994,2.042,9.99168,0.4123199999999993,15.961112,-3.5151120223999026,3.5151120223999026
C0956,L10,10.014,10.535,11.365,12.698,Normal,Normal,0.5210000000000008,5.202716197323755,0.8300000000000001,1.3330000000000002,2.684000000000001,9.99168,0.0223199999999987,12.205574,0.49242596435546915,0.49242596435546915
C0957,L10,10.105,10.408,27.864,32.852,Sudden_Degradation,Anomaly,0.302999999999999,2.9985155863433848,17.456000000000003,4.987999999999996,22.747,9.99168,0.1133199999999998,19.799526,13.052473785400387,13.052473785400387
C0958,L10,10.888,12.704,17.336,24.256,Gradual_Degradation,Anomaly,1.8160000000000007,16.678912564290968,4.631999999999998,6.920000000000002,13.368,9.99168,0.8963199999999993,25.989393,-1.7333932342529295,1.7333932342529295
C0959,L10,9.693,10.232,11.275,12.279,Normal,Normal,0.5389999999999997,5.560713917259876,1.043000000000001,1.0039999999999996,2.5860000000000003,9.99168,-0.2986800000000009,12.137672,0.14132757568359366,0.14132757568359366
C0960,L10,10.673,11.151,12.278,13.802,Normal,Normal,0.4779999999999997,4.478590836690713,1.127000000000001,1.5239999999999991,3.129,9.99168,0.6813199999999995,13.364033,0.4379672546386715,0.4379672546386715
C0961,L10,9.892,10.58,11.23,12.963,Normal,Normal,0.6880000000000006,6.955115244642142,0.6500000000000004,1.7329999999999988,3.071,9.99168,-0.0996800000000011,14.2768755,-1.3138754959106453,1.3138754959106453
C0962,L10,9.633,11.365,16.42,22.4,Gradual_Degradation,Anomaly,1.732000000000001,17.979860894840666,5.0550000000000015,5.979999999999997,12.767,9.99168,-0.3586800000000014,24.721224,-2.3212238311767592,2.3212238311767592
C0963,L10,10.721,11.118,11.767,13.677,Normal,Normal,0.3970000000000002,3.7030127786587097,0.6489999999999991,1.91,2.9559999999999995,9.99168,0.7293199999999995,24.875526,-11.198526428222657,11.198526428222657
C0964,L10,9.88,10.382,11.246,12.936,Normal,Normal,0.5019999999999989,5.080971659919017,0.8640000000000008,1.6899999999999995,3.055999999999999,9.99168,-0.1116799999999997,13.587038,-0.6510380401611329,0.6510380401611329
C0965,L10,9.556,11.865,15.78,24.195,Gradual_Degradation,Anomaly,2.309000000000001,24.162829635830903,3.914999999999999,8.415000000000001,14.639,9.99168,-0.4356800000000014,25.2374,-1.0424000549316403,1.0424000549316403
C0966,L10,10.32,11.794,15.558,23.018,Gradual_Degradation,Anomaly,1.4740000000000002,14.28294573643411,3.7639999999999993,7.460000000000001,12.698,9.99168,0.3283199999999997,24.657427,-1.6394268341064446,1.6394268341064446
C0967,L10,10.193,10.861,11.427,12.403,Normal,Normal,0.668000000000001,6.553517119591887,0.565999999999999,0.9760000000000008,2.210000000000001,9.99168,0.201319999999999,14.628396,-2.225396034240722,2.225396034240722
C0968,L10,9.268,17.582,25.548,33.883,Latent_Defect,Anomaly,8.314,89.70651704790677,7.965999999999997,8.335000000000004,24.615,9.99168,-0.7236799999999999,45.165276,-11.282275573730466,11.282275573730466
C0969,L10,10.407,12.458,18.857,26.467,Gradual_Degradation,Anomaly,2.051,19.707888920918613,6.398999999999999,7.609999999999999,16.06,9.99168,0.4153199999999994,25.70116,0.7658395690917956,0.7658395690917956
C0970,L10,9.883,10.911,11.426,12.334,Normal,Normal,1.0280000000000005,10.40169988869777,0.5150000000000006,0.9079999999999996,2.4510000000000005,9.99168,-0.1086800000000014,14.342269,-2.0082689437866215,2.0082689437866215
C0971,L10,9.876,17.502,33.933,49.047,Latent_Defect,Anomaly,7.625999999999999,77.21749696233293,16.431,15.113999999999995,39.171,9.99168,-0.1156800000000011,44.55727,4.489729949951169,4.489729949951169
C0972,L10,9.463,9.987,11.061,11.74,Normal,Normal,0.5240000000000009,5.537356018176064,1.0739999999999998,0.6790000000000003,2.277000000000001,9.99168,-0.5286800000000014,12.070915,-0.33091522216796854,0.33091522216796854
C0973,L10,10.741,11.184,12.087,12.624,Normal,Normal,0.4429999999999996,4.124383204543335,0.9030000000000004,0.5370000000000008,1.883000000000001,9.99168,0.7493199999999991,20.68874,-8.064739776611328,8.064739776611328
C0974,L10,10.099,10.679,11.422,12.436,Normal,Normal,0.5800000000000001,5.743142885434202,0.7430000000000003,1.0139999999999991,2.337,9.99168,0.1073199999999996,15.124563,-2.688563217163086,2.688563217163086
C0975,L10,10.326,10.5,11.122,12.415,Normal,Normal,0.1739999999999995,1.6850668216153348,0.6219999999999999,1.2929999999999993,2.088999999999998,9.99168,0.3343199999999999,20.620586,-8.205586395263673,8.205586395263673
C0976,L10,10.466,11.112,12.37,13.471,Normal,Normal,0.6460000000000008,6.1723676667303735,1.2579999999999991,1.1010000000000009,3.005000000000001,9.99168,0.4743199999999987,14.145154,-0.6741539993286132,0.6741539993286132
C0977,L10,9.884,10.269,11.538,12.99,Normal,Normal,0.3849999999999998,3.895184135977335,1.269,1.452,3.106,9.99168,-0.1076800000000002,12.714615,0.2753851318359377,0.2753851318359377
C0978,L10,9.663,10.014,10.581,11.388,Normal,Normal,0.3509999999999991,3.632412294318525,0.5670000000000002,0.8070000000000004,1.7249999999999996,9.99168,-0.3286800000000003,12.4783535,-1.090353500366211,1.090353500366211
C0979,L10,9.959,10.507,11.419,12.527,Normal,Normal,0.548,5.502560498041973,0.9120000000000008,1.1079999999999988,2.568,9.99168,-0.0326800000000009,13.399533,-0.8725332717895515,0.8725332717895515
C0980,L10,10.217,10.615,11.653,12.465,Normal,Normal,0.3979999999999997,3.895468337085247,1.0380000000000005,0.8119999999999994,2.248,9.99168,0.2253199999999999,15.063843,-2.5988427734375,2.5988427734375
C0981,L10,9.504,10.925,15.607,24.85,Gradual_Degradation,Anomaly,1.4210000000000012,14.95159932659934,4.681999999999999,9.243000000000002,15.346000000000002,9.99168,-0.487680000000001,22.2906,2.5594001770019545,2.5594001770019545
C0982,L10,9.938,12.174,17.938,25.899,Gradual_Degradation,Anomaly,2.235999999999999,22.49949688066008,5.763999999999999,7.961000000000002,15.961,9.99168,-0.0536799999999999,24.681358,1.2176416625976572,1.2176416625976572
C0983,L10,9.696,11.933,16.562,25.331,Gradual_Degradation,Anomaly,2.237,23.0713696369637,4.629000000000001,8.768999999999998,15.635,9.99168,-0.2956800000000008,24.413084,0.9179159698486323,0.9179159698486323
C0984,L10,10.063,10.328,11.545,12.589,Normal,Normal,0.2649999999999988,2.6334095200238377,1.2170000000000003,1.0440000000000005,2.526,9.99168,0.07132,13.256226,-0.6672255859374996,0.6672255859374996
C0985,L10,10.504,11.107,11.497,13.342,Normal,Normal,0.6029999999999998,5.740670220868239,0.3900000000000005,1.8450000000000009,2.838000000000001,9.99168,0.512319999999999,15.72772,-2.3857202606201167,2.3857202606201167
C0986,L10,9.605,10.105,11.582,12.59,Normal,Normal,0.5,5.205622071837585,1.4770000000000003,1.0079999999999991,2.9849999999999994,9.99168,-0.3866800000000001,15.681928,-3.0919276809692384,3.0919276809692384
C0987,L10,9.406,9.896,10.936,11.889,Normal,Normal,0.4900000000000002,5.209440782479271,1.0399999999999991,0.9529999999999994,2.4829999999999988,9.99168,-0.58568,12.110602,-0.2216023788452155,0.2216023788452155
C0988,L10,9.458,16.816,27.234,41.302,Latent_Defect,Anomaly,7.357999999999999,77.79657432861069,10.418000000000005,14.067999999999998,31.844,9.99168,-0.5336800000000004,42.69549,-1.3934917907714848,1.3934917907714848
C0989,L10,9.317,11.598,14.118,22.247,Gradual_Degradation,Anomaly,2.2810000000000006,24.48212944080713,2.52,8.129,12.93,9.99168,-0.6746800000000004,24.613596,-2.366595962524414,2.366595962524414
C0990,L10,9.723,10.299,11.039,12.078,Normal,Normal,0.5759999999999987,5.924097500771353,0.7400000000000002,1.0389999999999997,2.354999999999998,9.99168,-0.2686799999999998,15.106191,-3.02819068145752,3.02819068145752
C0991,L10,10.552,11.001,27.17,31.8,Sudden_Degradation,Anomaly,0.4489999999999998,4.255117513267626,16.169000000000004,4.629999999999999,21.248,9.99168,0.560319999999999,19.205662,12.59433822631836,12.59433822631836
C0992,L10,10.196,10.564,11.115,12.627,Normal,Normal,0.3680000000000003,3.609258532757948,0.5510000000000002,1.5120000000000005,2.431000000000001,9.99168,0.2043199999999991,14.355349,-1.7283485870361321,1.7283485870361321
C0993,L10,9.667,10.312,11.546,12.159,Normal,Normal,0.6449999999999996,6.672183717802831,1.234,0.6130000000000013,2.492000000000001,9.99168,-0.3246800000000007,14.401581,-2.2425808105468743,2.2425808105468743
C0994,L10,10.131,10.835,11.48,12.379,Normal,Normal,0.7040000000000006,6.9489685124864335,0.6449999999999996,0.8989999999999991,2.248,9.99168,0.1393199999999996,18.724989,-6.34598893737793,6.34598893737793
C0995,L10,10.515,11.174,12.582,13.593,Normal,Normal,0.6589999999999989,6.267237280076071,1.4080000000000013,1.0109999999999992,3.0779999999999994,9.99168,0.52332,15.14531,-1.552310401916504,1.552310401916504
C0996,L10,10.011,17.749,25.108,40.674,Latent_Defect,Anomaly,7.737999999999999,77.29497552692038,7.359000000000002,15.566,30.663,9.99168,0.0193199999999986,43.957882,-3.283881927490235,3.283881927490235
C0997,L10,9.988,10.728,12.091,13.077,Normal,Normal,0.7400000000000002,7.408890668802566,1.3629999999999995,0.9860000000000008,3.0890000000000004,9.99168,-0.003680000000001,14.07376,-0.9967600326538086,0.9967600326538086
C0998,L10,9.83,10.564,12.39,13.268,Normal,Normal,0.734,7.466937945066124,1.8260000000000003,0.8780000000000001,3.4380000000000006,9.99168,-0.1616800000000005,12.196289,1.0717109375000007,1.0717109375000007
C0999,L10,10.365,10.735,11.515,12.392,Normal,Normal,0.3699999999999992,3.5697057404727373,0.7800000000000011,0.8769999999999989,2.0269999999999992,9.99168,0.3733199999999996,13.76746,-1.3754598693847662,1.3754598693847662
C1000,L10,9.558,9.954,11.099,11.32,Normal,Normal,0.3960000000000008,4.143126177024491,1.1449999999999996,0.221,1.7620000000000005,9.99168,-0.4336800000000007,12.449583,-1.129583053588867,1.129583053588867
