Component_ID,Lot_ID,Value_0h,Value_24h,Value_96h,Value_168h,Component_Type,Ground_Truth,Drift_0_24,Percentage_Drift_0_24,Drift_24_96,Drift_96_168,Total_Drift_0_168,Lot_Mean_0h,Deviation_From_Lot_0h,Mahalanobis_Distance,Mahalanobis_Anomaly,LOF_Score,LOF_Anomaly,Anomaly_Detected,Predicted_Anomaly
C0801,L09,9.693,10.051,11.406,13.075,Normal,Normal,0.3580000000000005,3.693386980295064,1.3550000000000004,1.6689999999999987,3.382,10.05602,-0.3630200000000005,2.3171819374963736,False,-0.5000329029626285,False,False,Normal
C0802,L09,9.507,12.069,16.949,23.516,Gradual_Degradation,Anomaly,2.562000000000001,26.94856421584097,4.880000000000001,6.566999999999997,14.009,10.05602,-0.5490200000000005,15.421218363589432,True,8.775000865090904,True,True,Anomaly
C0803,L09,9.738,10.336,11.238,12.558,Normal,Normal,0.5980000000000008,6.1408913534606775,0.9019999999999992,1.3200000000000005,2.8200000000000003,10.05602,-0.3180200000000006,2.1978469593944685,False,-0.48540410265551115,False,False,Normal
C0804,L09,9.445,10.174,10.756,11.992,Normal,Normal,0.7289999999999992,7.718369507676011,0.5820000000000007,1.2360000000000009,2.5470000000000006,10.05602,-0.6110199999999999,3.088832313550136,False,-0.43227599565515207,False,False,Normal
C0805,L09,9.638,10.099,10.938,11.832,Normal,Normal,0.4610000000000003,4.783150031126793,0.8390000000000004,0.8940000000000001,2.194000000000001,10.05602,-0.4180200000000003,2.214697239134515,False,-0.47591684012568947,False,False,Normal
C0806,L09,9.469,9.96,11.056,12.718,Normal,Normal,0.4910000000000014,5.185341641144803,1.0959999999999983,1.6620000000000008,3.249000000000001,10.05602,-0.5870200000000008,2.3671200587909946,False,-0.48644325761448837,False,False,Normal
C0807,L09,10.07,10.769,11.628,12.456,Normal,Normal,0.6989999999999998,6.941410129096324,0.859,0.8279999999999994,2.3859999999999992,10.05602,0.0139800000000001,2.232271167275153,False,-0.5251804778059428,False,False,Normal
C0808,L09,9.877,10.496,11.274,12.751,Normal,Normal,0.6189999999999998,6.267085147311933,0.7779999999999987,1.4770000000000003,2.8739999999999988,10.05602,-0.1790199999999995,2.133117044505988,False,-0.4994299831657383,False,False,Normal
C0809,L09,10.475,11.024,11.952,12.284,Normal,Normal,0.5489999999999995,5.241050119331738,0.9280000000000008,0.3320000000000007,1.809000000000001,10.05602,0.4189799999999994,2.207091990592881,False,-0.49282628807267126,False,False,Normal
C0810,L09,10.372,10.705,22.018,26.128,Sudden_Degradation,Anomaly,0.3330000000000002,3.210566910914001,11.313,4.109999999999999,15.756,10.05602,0.3159799999999997,2.3673095214751068,False,-0.49706702854065754,False,False,Normal
C0811,L09,9.968,10.575,11.785,12.684,Normal,Normal,0.6069999999999993,6.089486356340282,1.2100000000000009,0.8989999999999991,2.716,10.05602,-0.0880200000000002,2.0872089755882515,False,-0.4934266863379191,False,False,Normal
C0812,L09,10.757,12.916,17.276,23.368,Gradual_Degradation,Anomaly,2.1590000000000007,20.070651668680867,4.359999999999999,6.091999999999999,12.611,10.05602,0.7009799999999995,14.734330649789303,True,6.056346230558987,True,True,Anomaly
C0813,L09,9.803,12.204,17.332,25.903,Gradual_Degradation,Anomaly,2.401,24.492502295215747,5.128,8.570999999999998,16.099999999999998,10.05602,-0.2530199999999993,10.322819681115053,True,7.812673900290049,True,True,Anomaly
C0814,L09,10.392,12.641,17.196,25.066,Gradual_Degradation,Anomaly,2.249000000000001,21.64164742109316,4.5550000000000015,7.869999999999997,14.674,10.05602,0.3359799999999993,11.150808903397378,True,6.346147443424142,True,True,Anomaly
C0815,L09,10.835,11.146,11.923,13.44,Normal,Normal,0.3109999999999999,2.870327641901245,0.7769999999999992,1.5169999999999997,2.604999999999998,10.05602,0.7789800000000007,3.249505181211065,False,-0.2880287700987201,False,False,Normal
C0816,L09,9.432,11.627,15.495,23.714,Gradual_Degradation,Anomaly,2.1950000000000003,23.271840542832912,3.867999999999999,8.219,14.281999999999998,10.05602,-0.6240199999999998,13.962936906651889,True,6.493856385668529,True,True,Anomaly
C0817,L09,10.505,10.836,11.571,11.535,Normal,Normal,0.3309999999999995,3.150880533079481,0.7349999999999994,-0.0359999999999995,1.0299999999999994,10.05602,0.4489800000000006,2.539230299689465,False,-0.4715691622160789,False,False,Normal
C0818,L09,10.03,12.41,17.133,23.521,Gradual_Degradation,Anomaly,2.380000000000001,23.72881355932204,4.722999999999999,6.388000000000002,13.491,10.05602,-0.0260200000000008,9.379503352066035,True,7.404827066499497,True,True,Anomaly
C0819,L09,9.869,10.301,11.527,12.052,Normal,Normal,0.4320000000000004,4.377343195865847,1.225999999999999,0.5250000000000004,2.183,10.05602,-0.1870200000000004,2.0949158709165516,False,-0.507629906335249,False,False,Normal
C0820,L09,10.091,10.834,12.035,13.646,Normal,Normal,0.7430000000000003,7.362996729759195,1.2010000000000003,1.6110000000000009,3.555000000000001,10.05602,0.0349799999999991,2.338635549546237,False,-0.4772800796986998,False,False,Normal
C0821,L09,10.444,18.205,26.484,42.212,Latent_Defect,Anomaly,7.760999999999997,74.31060896208346,8.279000000000003,15.728000000000002,31.768,10.05602,0.3879800000000006,47.97778249537569,True,39.22715261684738,True,True,Anomaly
C0822,L09,9.714,10.254,24.555,28.782,Sudden_Degradation,Anomaly,0.5399999999999991,5.5589870290302565,14.301,4.227,19.068,10.05602,-0.3420199999999997,2.1579006043676454,False,-0.46987433290962954,False,False,Normal
C0823,L09,10.19,10.936,12.285,13.25,Normal,Normal,0.7460000000000004,7.320902845927385,1.3490000000000002,0.965,3.0600000000000005,10.05602,0.1339799999999993,2.3990467860745666,False,-0.44551401310450034,False,False,Normal
C0824,L09,10.427,10.853,12.014,13.185,Normal,Normal,0.4260000000000001,4.08554713723986,1.1609999999999996,1.1710000000000012,2.758000000000001,10.05602,0.3709799999999994,2.2152168654650435,False,-0.507399074229642,False,False,Normal
C0825,L09,9.86,10.104,11.199,12.934,Normal,Normal,0.2439999999999997,2.474645030425961,1.0950000000000006,1.7349999999999994,3.074,10.05602,-0.1960200000000007,2.462673605372907,False,-0.34527201979904043,False,False,Normal
C0826,L09,9.416,10.02,10.992,11.897,Normal,Normal,0.6039999999999992,6.414613423959209,0.9720000000000012,0.9049999999999994,2.481,10.05602,-0.6400199999999998,2.629771995181766,False,-0.49222997665633383,False,False,Normal
C0827,L09,10.558,11.096,12.272,13.239,Normal,Normal,0.5380000000000003,5.095662057207807,1.1760000000000002,0.9670000000000004,2.681000000000001,10.05602,0.5019799999999996,2.269363906300972,False,-0.48446945066253133,False,False,Normal
C0828,L09,10.167,10.701,11.518,12.663,Normal,Normal,0.5340000000000007,5.252286810268523,0.8170000000000002,1.1449999999999996,2.4960000000000004,10.05602,0.1109799999999996,2.0370996916847246,False,-0.5124097452455111,False,False,Normal
C0829,L09,10.156,10.278,10.933,12.071,Normal,Normal,0.1219999999999998,1.2012603387160286,0.6549999999999994,1.138,1.9149999999999991,10.05602,0.0999800000000004,2.8267624879789404,False,-0.44272962078604117,False,False,Normal
C0830,L09,10.729,16.233,28.944,43.327,Latent_Defect,Anomaly,5.504000000000001,51.30021437226211,12.711,14.383,32.598,10.05602,0.672979999999999,43.16262646118973,True,25.592969445030445,True,True,Anomaly
C0831,L09,10.253,11.043,12.377,13.981,Normal,Normal,0.7899999999999991,7.705061933092745,1.3340000000000014,1.6039999999999992,3.728,10.05602,0.1969799999999999,2.5919379801723474,False,-0.42109460824339706,False,False,Normal
C0832,L09,9.875,10.876,11.949,12.116,Normal,Normal,1.0009999999999994,10.136708860759487,1.0730000000000004,0.1669999999999998,2.241,10.05602,-0.1810200000000001,3.239792750964272,False,-0.10293140116220068,False,False,Normal
C0833,L09,10.277,10.667,11.629,12.298,Normal,Normal,0.3900000000000005,3.79488177483702,0.9619999999999996,0.6690000000000005,2.021000000000001,10.05602,0.220979999999999,2.1651111825808633,False,-0.4965000118718379,False,False,Normal
C0834,L09,9.62,10.506,10.914,12.214,Normal,Normal,0.886000000000001,9.209979209979222,0.4079999999999995,1.3000000000000007,2.594000000000001,10.05602,-0.4360200000000009,3.3566608472086035,False,-0.37569950522502893,False,False,Normal
C0835,L09,8.967,10.979,15.955,23.409,Gradual_Degradation,Anomaly,2.0119999999999987,22.4378275900524,4.976000000000001,7.453999999999999,14.441999999999998,10.05602,-1.0890199999999997,20.690064196015296,True,6.177472789004796,True,True,Anomaly
C0836,L09,10.298,10.752,12.245,13.389,Normal,Normal,0.4540000000000006,4.408623033598763,1.4929999999999986,1.144,3.091,10.05602,0.2419799999999998,2.0966184788865907,False,-0.47702900762303524,False,False,Normal
C0837,L09,9.568,16.537,33.319,48.073,Latent_Defect,Anomaly,6.968999999999999,72.83653846153845,16.782000000000004,14.753999999999998,38.505,10.05602,-0.4880200000000005,44.324166797294836,True,35.90894474632773,True,True,Anomaly
C0838,L09,9.95,10.131,10.984,12.238,Normal,Normal,0.1810000000000009,1.8190954773869443,0.8529999999999998,1.2539999999999996,2.2880000000000003,10.05602,-0.1060200000000008,2.591993579443047,False,-0.41524274534731265,False,False,Normal
C0839,L09,10.011,11.449,16.544,23.869,Gradual_Degradation,Anomaly,1.4380000000000006,14.364199380681258,5.095000000000001,7.324999999999999,13.858,10.05602,-0.0450200000000009,4.973574092655848,True,1.8181351229504323,True,True,Anomaly
C0840,L09,10.589,11.046,11.891,12.856,Normal,Normal,0.4569999999999989,4.3157994144867216,0.8450000000000006,0.965,2.2669999999999995,10.05602,0.5329800000000002,2.3262932729654704,False,-0.5057617379321535,False,False,Normal
C0841,L09,11.085,11.3,11.93,12.481,Normal,Normal,0.2149999999999998,1.93955796120884,0.629999999999999,0.5510000000000002,1.395999999999999,10.05602,1.028980000000001,4.655164994155861,True,-0.12566330108306079,False,True,Anomaly
C0842,L09,9.862,10.199,11.678,12.999,Normal,Normal,0.3369999999999997,3.417156763334007,1.479000000000001,1.3209999999999995,3.1370000000000005,10.05602,-0.19402,2.237772302343366,False,-0.4033813092811285,False,False,Normal
C0843,L09,10.431,10.648,12.134,13.089,Normal,Normal,0.2170000000000005,2.080337455661016,1.4860000000000009,0.955,2.6580000000000013,10.05602,0.374979999999999,2.8653333807012653,False,-0.45313647984044225,False,False,Normal
C0844,L09,9.518,9.787,24.743,29.054,Sudden_Degradation,Anomaly,0.2690000000000001,2.82622399663795,14.955999999999998,4.311,19.536,10.05602,-0.5380199999999995,2.8034707240316368,False,-0.4881547075962678,False,False,Normal
C0845,L09,10.102,10.756,11.524,12.032,Normal,Normal,0.6539999999999999,6.473965551375964,0.7679999999999989,0.5080000000000009,1.93,10.05602,0.0459800000000001,2.152638740692349,False,-0.4987449512610018,False,False,Normal
C0846,L09,10.096,10.825,11.794,12.951,Normal,Normal,0.7289999999999992,7.2206814580031615,0.9690000000000012,1.157,2.8550000000000004,10.05602,0.0399799999999999,2.3059780516043804,False,-0.4970356930004485,False,False,Normal
C0847,L09,9.631,10.167,11.204,12.488,Normal,Normal,0.5359999999999996,5.565361852351777,1.0370000000000008,1.283999999999999,2.857,10.05602,-0.4250199999999999,2.2249772072309337,False,-0.4532030561584075,False,False,Normal
C0848,L09,10.11,11.706,17.476,25.239,Gradual_Degradation,Anomaly,1.596,15.786350148367951,5.77,7.763000000000002,15.129,10.05602,0.0539799999999992,5.822871280025247,True,2.7483691616050683,True,True,Anomaly
C0849,L09,10.375,10.931,11.812,12.505,Normal,Normal,0.5559999999999992,5.3590361445783055,0.8810000000000002,0.6930000000000014,2.130000000000001,10.05602,0.3189799999999998,2.1415607926622178,False,-0.48975919193317186,False,False,Normal
C0850,L09,10.382,11.107,12.279,12.997,Normal,Normal,0.7249999999999996,6.983240223463684,1.1720000000000006,0.718,2.615,10.05602,0.3259799999999995,2.5241476958256874,False,-0.3933586232943611,False,False,Normal
C0851,L09,9.231,9.702,10.674,11.576,Normal,Normal,0.4710000000000001,5.102372440688984,0.9719999999999996,0.902000000000001,2.3450000000000006,10.05602,-0.8250200000000003,2.6578342962209156,False,-0.44637244882494254,False,False,Normal
C0852,L09,9.413,16.309,27.532,40.921,Latent_Defect,Anomaly,6.896000000000001,73.2603845745246,11.223,13.389,31.508,10.05602,-0.6430199999999999,52.69592135291122,True,36.70981460571969,True,True,Anomaly
C0853,L09,10.317,10.677,11.568,12.588,Normal,Normal,0.3599999999999994,3.489386449549282,0.891,1.0199999999999996,2.270999999999999,10.05602,0.26098,2.2503098635056773,False,-0.4918739339068421,False,False,Normal
C0854,L09,9.971,11.769,17.456,25.536,Gradual_Degradation,Anomaly,1.798,18.032293651589608,5.686999999999999,8.080000000000002,15.565,10.05602,-0.0850200000000001,6.631310303943968,True,3.9548562907959104,True,True,Anomaly
C0855,L09,10.57,10.992,12.042,13.209,Normal,Normal,0.4220000000000006,3.9924314096499582,1.049999999999999,1.1669999999999998,2.639,10.05602,0.5139800000000001,2.3656835719222835,False,-0.5136402007334471,False,False,Normal
C0856,L09,10.279,10.744,12.115,12.702,Normal,Normal,0.4649999999999998,4.523786360540908,1.3710000000000004,0.5869999999999997,2.423,10.05602,0.2229799999999997,2.079817995512089,False,-0.46503912844281947,False,False,Normal
C0857,L09,10.298,12.062,16.933,24.308,Gradual_Degradation,Anomaly,1.7639999999999991,17.12953971644979,4.871,7.375,14.01,10.05602,0.2419799999999998,7.524651493086428,True,3.461139337499171,True,True,Anomaly
C0858,L09,9.51,15.42,30.123,45.895,Latent_Defect,Anomaly,5.91,62.14511041009464,14.703,15.772000000000002,36.385000000000005,10.05602,-0.5460200000000004,39.75893278703703,True,30.20422758068319,True,True,Anomaly
C0859,L09,9.969,12.066,17.91,25.723,Gradual_Degradation,Anomaly,2.0970000000000013,21.03520914835993,5.843999999999999,7.812999999999999,15.754,10.05602,-0.0870200000000007,8.039113379211651,True,5.799861073854084,True,True,Anomaly
C0860,L09,9.662,11.224,17.471,23.941,Gradual_Degradation,Anomaly,1.5619999999999994,16.16642517077209,6.247,6.469999999999999,14.278999999999998,10.05602,-0.3940199999999993,6.884796529344557,True,2.6884071343886893,True,True,Anomaly
C0861,L09,10.815,11.24,12.197,13.068,Normal,Normal,0.4250000000000007,3.929727230698112,0.956999999999999,0.8710000000000004,2.253,10.05602,0.7589799999999993,2.6936373094061743,False,-0.3803991640411426,False,False,Normal
C0862,L09,9.364,9.845,10.662,11.607,Normal,Normal,0.4809999999999998,5.136693720632207,0.8170000000000002,0.9449999999999984,2.2429999999999986,10.05602,-0.6920199999999994,2.48739663155974,False,-0.4978579919162356,False,False,Normal
C0863,L09,10.479,11.02,12.526,13.926,Normal,Normal,0.5410000000000004,5.162706365111179,1.5060000000000002,1.4000000000000004,3.447000000000001,10.05602,0.422979999999999,2.2039467483520134,False,-0.4918819354893986,False,False,Normal
C0864,L09,10.849,11.213,12.14,13.141,Normal,Normal,0.363999999999999,3.355147939902286,0.9270000000000014,1.0009999999999994,2.292,10.05602,0.79298,2.9960990252727973,False,-0.2933963561956716,False,False,Normal
C0865,L09,10.535,11.29,12.336,13.319,Normal,Normal,0.754999999999999,7.166587565258651,1.0460000000000012,0.9830000000000004,2.7840000000000007,10.05602,0.4789799999999999,2.856792510568969,False,-0.4967477792324808,False,False,Normal
C0866,L09,10.033,9.991,26.228,32.867,Sudden_Degradation,Anomaly,-0.0419999999999998,-0.418618558756103,16.237000000000002,6.638999999999996,22.834,10.05602,-0.0230200000000007,3.363019308971756,False,-0.07851735105607438,False,False,Normal
C0867,L09,10.191,10.753,11.046,11.84,Normal,Normal,0.5619999999999994,5.514669806692173,0.2929999999999992,0.7940000000000005,1.6489999999999991,10.05602,0.1349800000000005,2.059384777108089,False,-0.5060960274368794,False,False,Normal
C0868,L09,9.617,10.11,11.407,12.32,Normal,Normal,0.4929999999999985,5.12633877508577,1.2970000000000006,0.9130000000000004,2.7029999999999994,10.05602,-0.4390199999999993,2.2217654528917237,False,-0.448834149705035,False,False,Normal
C0869,L09,10.263,10.668,11.109,12.154,Normal,Normal,0.4049999999999993,3.946214557147027,0.4410000000000007,1.045,1.891,10.05602,0.2069799999999997,2.134057379540521,False,-0.48834854445094567,False,False,Normal
C0870,L09,10.573,11.053,11.964,12.866,Normal,Normal,0.4800000000000004,4.5398656956398415,0.9109999999999996,0.9019999999999992,2.293,10.05602,0.5169800000000002,2.285646806188804,False,-0.49799421779934727,False,False,Normal
C0871,L09,10.493,10.851,11.672,12.477,Normal,Normal,0.3580000000000005,3.4117983417516493,0.8209999999999997,0.8049999999999997,1.984,10.05602,0.4369800000000001,2.436608766433054,False,-0.5033757004137065,False,False,Normal
C0872,L09,10.23,10.695,11.692,12.815,Normal,Normal,0.4649999999999998,4.545454545454544,0.997,1.122999999999999,2.584999999999999,10.05602,0.1739800000000002,2.060045260035245,False,-0.4528547017136204,False,False,Normal
C0873,L09,10.907,17.564,27.62,43.584,Latent_Defect,Anomaly,6.657,61.03419822132575,10.056,15.964000000000002,32.67700000000001,10.05602,0.8509799999999998,61.39958616210979,True,32.25143427204309,True,True,Anomaly
C0874,L09,9.951,10.229,11.105,12.079,Normal,Normal,0.2779999999999987,2.793689076474713,0.8760000000000012,0.9740000000000002,2.128,10.05602,-0.1050199999999996,2.3264725183885995,False,-0.33248196512604244,False,False,Normal
C0875,L09,10.198,10.751,11.238,13.293,Normal,Normal,0.552999999999999,5.4226318886056,0.4870000000000001,2.055,3.094999999999999,10.05602,0.1419800000000002,2.0550717900178386,False,-0.5024107032192543,False,False,Normal
C0876,L09,10.447,10.896,28.09,31.524,Sudden_Degradation,Anomaly,0.4490000000000016,4.297884560160828,17.194,3.434000000000001,21.077,10.05602,0.390979999999999,2.2009928705268917,False,-0.524744446990862,False,False,Normal
C0877,L09,8.496,9.11,9.616,10.858,Normal,Normal,0.613999999999999,7.226930320150647,0.5060000000000002,1.2420000000000009,2.362,10.05602,-1.5600199999999995,5.3164977174631245,True,0.8853800300215373,True,True,Anomaly
C0878,L09,9.662,15.091,27.312,40.059,Latent_Defect,Anomaly,5.428999999999999,56.189194783688656,12.221000000000002,12.746999999999996,30.397,10.05602,-0.3940199999999993,30.319478228687665,True,26.896523145635236,True,True,Anomaly
C0879,L09,10.247,10.176,11.002,11.899,Normal,Normal,-0.0709999999999997,-0.6928857226505292,0.8260000000000005,0.8969999999999985,1.6519999999999992,10.05602,0.1909799999999997,3.7687517849398264,False,0.021979618916683208,True,True,Anomaly
C0880,L09,9.92,10.506,11.52,12.743,Normal,Normal,0.5860000000000003,5.907258064516132,1.0139999999999991,1.2230000000000008,2.8230000000000004,10.05602,-0.1360200000000002,2.0784764049706212,False,-0.5104247461533002,False,False,Normal
C0881,L09,10.928,12.736,19.326,29.607,Gradual_Degradation,Anomaly,1.808,16.544655929721813,6.59,10.281,18.679,10.05602,0.8719800000000006,13.305158336738103,True,4.221071679813618,True,True,Anomaly
C0882,L09,9.412,16.077,28.065,44.422,Latent_Defect,Anomaly,6.665000000000001,70.81385465363367,11.988,16.356999999999996,35.01,10.05602,-0.6440199999999994,50.862603000359464,True,35.22784407956034,True,True,Anomaly
C0883,L09,9.313,9.917,10.962,12.735,Normal,Normal,0.6039999999999992,6.485557822398788,1.045,1.7729999999999997,3.421999999999999,10.05602,-0.7430199999999996,2.8226996887661677,False,-0.5024243807596498,False,False,Normal
C0884,L09,10.643,11.021,11.552,12.081,Normal,Normal,0.3780000000000001,3.551630179460679,0.5309999999999988,0.5289999999999999,1.4379999999999988,10.05602,0.5869800000000005,2.581875446720476,False,-0.44056153805778964,False,False,Normal
C0885,L09,10.718,11.148,12.255,13.801,Normal,Normal,0.4299999999999997,4.011942526590779,1.107000000000001,1.5459999999999994,3.083,10.05602,0.6619799999999998,2.5362372882989006,False,-0.4380634495393829,False,False,Normal
C0886,L09,10.537,10.927,11.935,12.318,Normal,Normal,0.3899999999999988,3.701243238113303,1.008000000000001,0.3829999999999991,1.7809999999999988,10.05602,0.4809800000000006,2.401948693952522,False,-0.4908086070806148,False,False,Normal
C0887,L09,10.082,11.021,12.043,13.232,Normal,Normal,0.939,9.31362824836342,1.0219999999999985,1.189,3.1499999999999986,10.05602,0.0259800000000005,2.9449850230655947,False,-0.2752952966760245,False,False,Normal
C0888,L09,10.529,11.068,11.817,13.387,Normal,Normal,0.5389999999999997,5.119194605375626,0.7490000000000006,1.5700000000000005,2.8580000000000005,10.05602,0.4729799999999997,2.2441977194436005,False,-0.49874580833936055,False,False,Normal
C0889,L09,9.954,10.277,11.162,12.381,Normal,Normal,0.3229999999999986,3.244926662648168,0.8850000000000016,1.2189999999999994,2.427,10.05602,-0.1020199999999995,2.2266293954783234,False,-0.4684484854808231,False,False,Normal
C0890,L09,9.625,9.876,24.756,30.249,Sudden_Degradation,Anomaly,0.2509999999999994,2.607792207792202,14.88,5.492999999999999,20.624,10.05602,-0.4310200000000002,2.7081863222190257,False,-0.4688367631781849,False,False,Normal
C0891,L09,10.145,10.246,11.528,12.168,Normal,Normal,0.1010000000000008,0.9955643173977414,1.282,0.6399999999999988,2.023,10.05602,0.0889799999999993,2.8923732964402453,False,-0.41975062556128484,False,False,Normal
C0892,L09,9.213,9.469,9.863,10.822,Normal,Normal,0.2560000000000002,2.7786822967545888,0.3940000000000001,0.9589999999999996,1.609,10.05602,-0.843020000000001,3.4375147887147,False,-0.3403310463178828,False,False,Normal
C0893,L09,9.701,15.734,25.092,34.845,Latent_Defect,Anomaly,6.033,62.18946500360787,9.358,9.753,25.144,10.05602,-0.3550199999999996,32.590984711660816,True,29.870259322810092,True,True,Anomaly
C0894,L09,10.145,10.654,12.002,13.391,Normal,Normal,0.5090000000000003,5.017249876786599,1.3480000000000008,1.3889999999999991,3.2460000000000004,10.05602,0.0889799999999993,2.027490761837069,False,-0.512579161449815,False,False,Normal
C0895,L09,9.61,10.151,11.195,11.932,Normal,Normal,0.5410000000000004,5.629552549427683,1.0440000000000005,0.7370000000000001,2.322000000000001,10.05602,-0.4460200000000007,2.2490095914735933,False,-0.4657301430954557,False,False,Normal
C0896,L09,9.588,11.861,15.674,23.465,Gradual_Degradation,Anomaly,2.273000000000001,23.706716729244903,3.812999999999999,7.791,13.877,10.05602,-0.468020000000001,12.096782723405399,True,6.913336271862791,True,True,Anomaly
C0897,L09,10.603,10.798,11.683,12.411,Normal,Normal,0.1950000000000002,1.8391021409035209,0.8849999999999998,0.7279999999999998,1.808,10.05602,0.5469799999999996,3.356594357668302,False,-0.42473567259597966,False,False,Normal
C0898,L09,9.627,9.991,10.699,11.981,Normal,Normal,0.363999999999999,3.7810325127246176,0.7080000000000002,1.282,2.353999999999999,10.05602,-0.4290199999999995,2.3653961800303938,False,-0.5178597482996266,False,False,Normal
C0899,L09,9.346,14.748,24.474,36.688,Latent_Defect,Anomaly,5.401999999999999,57.80012839717526,9.726,12.214000000000002,27.342,10.05602,-0.7100200000000001,43.73365833848388,True,27.737317691200865,True,True,Anomaly
C0900,L09,10.766,11.273,25.454,31.46,Sudden_Degradation,Anomaly,0.5069999999999997,4.70926992383429,14.181,6.006,20.694000000000003,10.05602,0.7099799999999998,2.483926002413371,False,-0.4360185368102356,False,False,Normal
C0901,L10,9.436,10.162,10.645,11.279,Normal,Normal,0.7260000000000009,7.693938109368386,0.4829999999999987,0.6340000000000003,1.843,9.99168,-0.5556800000000006,2.490120921796743,False,-0.43392784266756634,False,False,Normal
C0902,L10,10.523,11.175,11.997,13.357,Normal,Normal,0.652000000000001,6.1959517247933205,0.8219999999999992,1.3599999999999994,2.834,9.99168,0.5313199999999991,1.9183991665843783,False,-0.4351861839515452,False,False,Normal
C0903,L10,10.85,11.269,12.595,14.236,Normal,Normal,0.4190000000000005,3.861751152073737,1.3260000000000003,1.641,3.386000000000001,9.99168,0.8583199999999991,2.3412039763832313,False,-0.34752409828477493,False,False,Normal
C0904,L10,10.211,11.022,11.403,12.276,Normal,Normal,0.8109999999999999,7.942415042601116,0.3810000000000002,0.8729999999999993,2.0649999999999995,9.99168,0.2193199999999997,2.0651803095896626,False,-0.4244292658739206,False,False,Normal
C0905,L10,10.471,11.009,12.106,14.018,Normal,Normal,0.5380000000000003,5.138000191003727,1.0969999999999995,1.9120000000000008,3.5470000000000006,9.99168,0.4793199999999995,1.5488354430358613,False,-0.5146202838157132,False,False,Normal
C0906,L10,9.017,9.5,9.89,10.909,Normal,Normal,0.4830000000000005,5.356548741266503,0.3900000000000005,1.019,1.8920000000000008,9.99168,-0.9746800000000012,2.2926008954577157,False,-0.3133158784279335,False,False,Normal
C0907,L10,9.875,10.041,10.86,11.987,Normal,Normal,0.1660000000000003,1.681012658227852,0.8189999999999991,1.127000000000001,2.112,9.99168,-0.1166800000000005,2.0745974643013065,False,-0.3972096293939267,False,False,Normal
C0908,L10,10.325,12.557,17.803,24.979,Gradual_Degradation,Anomaly,2.232000000000001,21.6174334140436,5.246,7.175999999999998,14.654,9.99168,0.3333199999999987,10.282960326611034,True,6.249760321534208,True,True,Anomaly
C0909,L10,10.138,10.877,12.393,12.396,Normal,Normal,0.7390000000000008,7.28940619451569,1.516,0.0030000000000001,2.258000000000001,9.99168,0.1463199999999993,1.6864013366784594,False,-0.4688875351279127,False,False,Normal
C0910,L10,10.048,10.484,10.961,11.742,Normal,Normal,0.4359999999999999,4.3391719745222925,0.4770000000000003,0.7810000000000006,1.6940000000000008,9.99168,0.0563199999999994,1.1895646871433445,False,-0.4804078981313693,False,False,Normal
C0911,L10,9.454,9.981,10.831,12.006,Normal,Normal,0.5269999999999992,5.574360059234178,0.8499999999999996,1.1750000000000007,2.552,9.99168,-0.5376799999999999,1.5796479467051316,False,-0.49813269542297034,False,False,Normal
C0912,L10,10.039,10.75,11.839,12.528,Normal,Normal,0.7110000000000003,7.08237872298038,1.0890000000000004,0.6890000000000001,2.4890000000000008,9.99168,0.0473199999999991,1.5196293153103722,False,-0.5258206874119236,False,False,Normal
C0913,L10,10.079,10.614,11.492,12.245,Normal,Normal,0.5350000000000001,5.308066276416312,0.8780000000000001,0.7529999999999983,2.1659999999999986,9.99168,0.08732,1.1617761022949504,False,-0.5240003160574274,False,False,Normal
C0914,L10,10.288,10.758,11.913,13.241,Normal,Normal,0.4699999999999988,4.568429237947112,1.1550000000000011,1.3279999999999994,2.9529999999999994,9.99168,0.2963199999999997,1.3181211902154226,False,-0.4833107058286694,False,False,Normal
C0915,L10,10.162,10.556,11.136,12.625,Normal,Normal,0.3939999999999983,3.877189529620137,0.5800000000000001,1.4890000000000008,2.462999999999999,9.99168,0.1703200000000002,1.320115698725117,False,-0.4718085741272777,False,False,Normal
C0916,L10,10.16,10.628,11.952,13.329,Normal,Normal,0.4679999999999999,4.606299212598425,1.3239999999999998,1.377000000000001,3.1690000000000005,9.99168,0.1683199999999995,1.2089011692840061,False,-0.43893857118370616,False,False,Normal
C0917,L10,10.244,10.958,12.064,12.715,Normal,Normal,0.7140000000000004,6.969933619679816,1.106,0.6509999999999998,2.471,9.99168,0.2523199999999992,1.7224774067886828,False,-0.46560646764988545,False,False,Normal
C0918,L10,9.729,10.215,11.377,12.728,Normal,Normal,0.4860000000000006,4.99537465309899,1.1620000000000008,1.350999999999999,2.999000000000001,9.99168,-0.2626800000000013,1.2309983727188805,False,-0.5270722463247874,False,False,Normal
C0919,L10,9.666,10.154,11.387,12.364,Normal,Normal,0.4879999999999995,5.048624043037446,1.2330000000000003,0.9770000000000004,2.6980000000000004,9.99168,-0.3256800000000002,1.2865769898682833,False,-0.4995753780921093,False,False,Normal
C0920,L10,9.305,10.013,10.908,11.021,Normal,Normal,0.7080000000000002,7.608812466415908,0.8949999999999996,0.1130000000000013,1.716000000000001,9.99168,-0.6866800000000008,2.79771406779489,False,-0.40153803536723465,False,False,Normal
C0921,L10,10.685,10.968,11.67,13.038,Normal,Normal,0.2829999999999995,2.64857276555919,0.702,1.3680000000000003,2.353,9.99168,0.6933199999999999,2.654281598160829,False,-0.35083227071607714,False,False,Normal
C0922,L10,9.619,10.044,11.075,11.882,Normal,Normal,0.4250000000000007,4.41833870464706,1.0309999999999988,0.8070000000000004,2.263,9.99168,-0.3726800000000008,1.4127268194223972,False,-0.4847788333873151,False,False,Normal
C0923,L10,9.109,9.163,10.462,11.674,Normal,Normal,0.0540000000000002,0.5928202876276241,1.2989999999999997,1.2119999999999995,2.5649999999999995,9.99168,-0.8826800000000006,5.106279447921097,True,-0.08482315339091562,False,True,Anomaly
C0924,L10,9.767,11.162,15.889,24.389,Gradual_Degradation,Anomaly,1.3950000000000014,14.282788983311164,4.726999999999999,8.5,14.622,9.99168,-0.2246800000000011,5.04043962666785,True,1.7127792851773598,True,True,Anomaly
C0925,L10,9.322,9.866,10.802,12.274,Normal,Normal,0.5440000000000005,5.835657584209403,0.936,1.4719999999999995,2.952,9.99168,-0.6696800000000014,1.852214294018578,False,-0.5314877540649101,False,False,Normal
C0926,L10,10.298,10.394,11.538,13.137,Normal,Normal,0.096,0.9322198485142754,1.144,1.5990000000000002,2.8390000000000004,9.99168,0.3063199999999995,2.6685222691460764,False,-0.42101140744383025,False,False,Normal
C0927,L10,9.753,10.153,11.19,11.94,Normal,Normal,0.4000000000000003,4.101302163436895,1.036999999999999,0.75,2.1869999999999994,9.99168,-0.2386800000000004,1.3415827317525826,False,-0.46048243254196497,False,False,Normal
C0928,L10,10.048,11.811,15.885,22.552,Gradual_Degradation,Anomaly,1.763,17.545780254777068,4.074,6.667,12.504,9.99168,0.0563199999999994,6.275649382475106,True,3.7064417046731277,True,True,Anomaly
C0929,L10,9.224,9.857,11.081,12.64,Normal,Normal,0.6329999999999991,6.862532523850814,1.2240000000000002,1.559000000000001,3.4160000000000004,9.99168,-0.7676800000000004,2.528353079621909,False,-0.47452374275475484,False,False,Normal
C0930,L10,10.779,11.383,12.209,12.746,Normal,Normal,0.6039999999999992,5.603488264217452,0.8260000000000005,0.5370000000000008,1.9670000000000003,9.99168,0.7873199999999994,2.1660512724746543,False,-0.4321581080136161,False,False,Normal
C0931,L10,10.425,17.843,27.55,42.481,Latent_Defect,Anomaly,7.417999999999999,71.15587529976018,9.707,14.931,32.056,9.99168,0.4333200000000001,44.87203246747566,True,37.2041397787077,True,True,Anomaly
C0932,L10,10.934,13.431,19.108,27.622,Gradual_Degradation,Anomaly,2.497,22.83702213279678,5.677000000000001,8.514,16.688000000000002,9.99168,0.9423199999999988,20.286992345317593,True,8.017114500176039,True,True,Anomaly
C0933,L10,9.769,10.421,11.481,12.448,Normal,Normal,0.6519999999999992,6.6741734056709925,1.0600000000000005,0.9670000000000004,2.6790000000000003,9.99168,-0.2226800000000004,1.442469350171343,False,-0.46859410082545816,False,False,Normal
C0934,L10,10.039,10.447,11.194,12.415,Normal,Normal,0.4079999999999995,4.064149815718692,0.7470000000000017,1.2209999999999983,2.3759999999999994,9.99168,0.0473199999999991,1.2334704596026052,False,-0.5071724419785631,False,False,Normal
C0935,L10,9.983,10.164,24.242,28.869,Sudden_Degradation,Anomaly,0.1809999999999991,1.8130822398076645,14.078,4.626999999999999,18.886,9.99168,-0.00868,1.951148969458737,False,-0.4483071521303996,False,False,Normal
C0936,L10,10.002,10.826,26.617,30.66,Sudden_Degradation,Anomaly,0.8239999999999998,8.23835232953409,15.791,4.042999999999999,20.658,9.99168,0.0103200000000001,1.9188357781020406,False,-0.41560890010494655,False,False,Normal
C0937,L10,9.705,10.114,11.554,12.769,Normal,Normal,0.4090000000000007,4.214322514167962,1.4399999999999995,1.215,3.064,9.99168,-0.2866800000000005,1.3618030220907795,False,-0.46181894011489466,False,False,Normal
C0938,L10,9.746,9.874,10.587,11.046,Normal,Normal,0.1280000000000001,1.313359326903346,0.7129999999999992,0.4589999999999996,1.299999999999999,9.99168,-0.2456800000000001,2.436247175583253,False,-0.4216150356450392,False,False,Normal
C0939,L10,9.208,9.791,25.785,30.491,Sudden_Degradation,Anomaly,0.5830000000000002,6.33145091225022,15.994,4.706,21.283,9.99168,-0.7836800000000004,2.267411131612934,False,-0.5206544681729502,False,False,Normal
C0940,L10,10.147,10.498,26.814,31.744,Sudden_Degradation,Anomaly,0.3509999999999991,3.4591504878289063,16.316000000000003,4.93,21.597,9.99168,0.1553199999999996,1.416365927102536,False,-0.46216683414424375,False,False,Normal
C0941,L10,9.407,10.118,10.946,11.835,Normal,Normal,0.7110000000000003,7.558201339428089,0.8279999999999994,0.8890000000000011,2.428000000000001,9.99168,-0.5846800000000005,2.486689550854323,False,-0.4492132310671204,False,False,Normal
C0942,L10,10.679,11.108,12.213,12.854,Normal,Normal,0.4290000000000002,4.017230077722635,1.1049999999999986,0.641,2.174999999999999,9.99168,0.6873199999999997,1.967182515419399,False,-0.44273286311075477,False,False,Normal
C0943,L10,9.756,10.471,12.063,13.229,Normal,Normal,0.7149999999999999,7.32882328823288,1.5920000000000003,1.1659999999999986,3.472999999999999,9.99168,-0.2356800000000003,1.6792982359316768,False,-0.4429177258806507,False,False,Normal
C0944,L10,10.517,11.31,12.294,13.074,Normal,Normal,0.793000000000001,7.540173053152049,0.984,0.7799999999999994,2.5570000000000004,9.99168,0.5253199999999989,2.5958992595452495,False,-0.5083718075736059,False,False,Normal
C0945,L10,10.084,12.462,18.334,27.534,Gradual_Degradation,Anomaly,2.378,23.58191193970647,5.872,9.2,17.45,9.99168,0.092319999999999,9.359537547845697,True,7.370271748659986,True,True,Anomaly
C0946,L10,9.455,11.772,16.946,24.642,Gradual_Degradation,Anomaly,2.317,24.50555261766261,5.174000000000001,7.695999999999998,15.187,9.99168,-0.5366800000000005,14.38689964848708,True,7.2129560850357795,True,True,Anomaly
C0947,L10,9.891,10.544,11.027,11.254,Normal,Normal,0.6530000000000005,6.601961379031447,0.4829999999999987,0.2270000000000003,1.3629999999999995,9.99168,-0.1006800000000005,1.3506412723560572,False,-0.49744561045156965,False,False,Normal
C0948,L10,10.535,10.88,26.62,32.205,Sudden_Degradation,Anomaly,0.3450000000000006,3.274798291409593,15.74,5.584999999999997,21.67,9.99168,0.5433199999999996,1.9924899422659226,False,-0.457816772834867,False,False,Normal
C0949,L10,9.95,10.438,11.508,12.796,Normal,Normal,0.4880000000000013,4.90452261306534,1.0699999999999985,1.2880000000000005,2.846,9.99168,-0.0416800000000012,1.1315050572607772,False,-0.48768447250755353,False,False,Normal
C0950,L10,9.521,11.87,16.806,24.506,Gradual_Degradation,Anomaly,2.3489999999999984,24.671778174561474,4.936000000000002,7.699999999999999,14.985,9.99168,-0.4706799999999997,13.504789778241067,True,7.42705632036072,True,True,Anomaly
C0951,L10,9.497,11.641,17.201,23.984,Gradual_Degradation,Anomaly,2.144,22.57555017373908,5.5600000000000005,6.783000000000001,14.487000000000002,9.99168,-0.4946800000000007,12.392369226792615,True,6.114673519114189,True,True,Anomaly
C0952,L10,10.814,10.993,12.23,13.002,Normal,Normal,0.1790000000000002,1.6552616977991517,1.237,0.7720000000000002,2.1880000000000006,9.99168,0.8223199999999995,3.76477984142684,False,-0.32127753999424913,False,False,Normal
C0953,L10,10.426,16.197,28.209,43.926,Latent_Defect,Anomaly,5.770999999999999,55.35200460387492,12.012,15.717000000000002,33.5,9.99168,0.4343199999999996,34.232971464631376,True,27.443692527665423,True,True,Anomaly
C0954,L10,9.803,17.122,27.93,41.331,Latent_Defect,Anomaly,7.318999999999999,74.66081811690297,10.808,13.401000000000003,31.528,9.99168,-0.1886799999999997,36.34015043024823,True,37.61947751917886,True,True,Anomaly
C0955,L10,10.404,10.788,11.711,12.446,Normal,Normal,0.3840000000000003,3.690888119953868,0.923,0.7349999999999994,2.042,9.99168,0.4123199999999993,1.6228692666831432,False,-0.5165180035300736,False,False,Normal
C0956,L10,10.014,10.535,11.365,12.698,Normal,Normal,0.5210000000000008,5.202716197323755,0.8300000000000001,1.3330000000000002,2.684000000000001,9.99168,0.0223199999999987,1.1342630751059253,False,-0.5044310798402719,False,False,Normal
C0957,L10,10.105,10.408,27.864,32.852,Sudden_Degradation,Anomaly,0.302999999999999,2.9985155863433848,17.456000000000003,4.987999999999996,22.747,9.99168,0.1133199999999998,1.53484177497433,False,-0.40327728714386835,False,False,Normal
C0958,L10,10.888,12.704,17.336,24.256,Gradual_Degradation,Anomaly,1.8160000000000007,16.678912564290968,4.631999999999998,6.920000000000002,13.368,9.99168,0.8963199999999993,12.954857106428772,True,4.23511508340553,True,True,Anomaly
C0959,L10,9.693,10.232,11.275,12.279,Normal,Normal,0.5389999999999997,5.560713917259876,1.043000000000001,1.0039999999999996,2.5860000000000003,9.99168,-0.2986800000000009,1.277753766211425,False,-0.47481911013448896,False,False,Normal
C0960,L10,10.673,11.151,12.278,13.802,Normal,Normal,0.4779999999999997,4.478590836690713,1.127000000000001,1.5239999999999991,3.129,9.99168,0.6813199999999995,1.8565983589756594,False,-0.4717478769550181,False,False,Normal
C0961,L10,9.892,10.58,11.23,12.963,Normal,Normal,0.6880000000000006,6.955115244642142,0.6500000000000004,1.7329999999999988,3.071,9.99168,-0.0996800000000011,1.452641090057019,False,-0.48981681029773627,False,False,Normal
C0962,L10,9.633,11.365,16.42,22.4,Gradual_Degradation,Anomaly,1.732000000000001,17.979860894840666,5.0550000000000015,5.979999999999997,12.767,9.99168,-0.3586800000000014,7.928512045084944,True,3.7332408548194014,True,True,Anomaly
C0963,L10,10.721,11.118,11.767,13.677,Normal,Normal,0.3970000000000002,3.7030127786587097,0.6489999999999991,1.91,2.9559999999999995,9.99168,0.7293199999999995,2.1586607772878925,False,-0.3953098624770235,False,False,Normal
C0964,L10,9.88,10.382,11.246,12.936,Normal,Normal,0.5019999999999989,5.080971659919017,0.8640000000000008,1.6899999999999995,3.055999999999999,9.99168,-0.1116799999999997,1.1404620401450873,False,-0.48102816954746963,False,False,Normal
C0965,L10,9.556,11.865,15.78,24.195,Gradual_Degradation,Anomaly,2.309000000000001,24.162829635830903,3.914999999999999,8.415000000000001,14.639,9.99168,-0.4356800000000014,12.665555112406675,True,7.15111575365823,True,True,Anomaly
C0966,L10,10.32,11.794,15.558,23.018,Gradual_Degradation,Anomaly,1.4740000000000002,14.28294573643411,3.7639999999999993,7.460000000000001,12.698,9.99168,0.3283199999999997,5.861048410116708,True,1.9670650975416186,True,True,Anomaly
C0967,L10,10.193,10.861,11.427,12.403,Normal,Normal,0.668000000000001,6.553517119591887,0.565999999999999,0.9760000000000008,2.210000000000001,9.99168,0.201319999999999,1.5040125088548537,False,-0.5058853671974337,False,False,Normal
C0968,L10,9.268,17.582,25.548,33.883,Latent_Defect,Anomaly,8.314,89.70651704790677,7.965999999999997,8.335000000000004,24.615,9.99168,-0.7236799999999999,75.82757367837122,True,46.203603435402385,True,True,Anomaly
C0969,L10,10.407,12.458,18.857,26.467,Gradual_Degradation,Anomaly,2.051,19.707888920918613,6.398999999999999,7.609999999999999,16.06,9.99168,0.4153199999999994,9.977123787698005,True,5.173415904585693,True,True,Anomaly
C0970,L10,9.883,10.911,11.426,12.334,Normal,Normal,1.0280000000000005,10.40169988869777,0.5150000000000006,0.9079999999999996,2.4510000000000005,9.99168,-0.1086800000000014,2.8609650085921,False,-0.005864723047822151,False,False,Normal
C0971,L10,9.876,17.502,33.933,49.047,Latent_Defect,Anomaly,7.625999999999999,77.21749696233293,16.431,15.113999999999995,39.171,9.99168,-0.1156800000000011,36.07157084810529,True,39.36780306315819,True,True,Anomaly
C0972,L10,9.463,9.987,11.061,11.74,Normal,Normal,0.5240000000000009,5.537356018176064,1.0739999999999998,0.6790000000000003,2.277000000000001,9.99168,-0.5286800000000014,1.5608909270145297,False,-0.49603473789182884,False,False,Normal
C0973,L10,10.741,11.184,12.087,12.624,Normal,Normal,0.4429999999999996,4.124383204543335,0.9030000000000004,0.5370000000000008,1.883000000000001,9.99168,0.7493199999999991,2.0451736989777944,False,-0.41470356860444313,False,False,Normal
C0974,L10,10.099,10.679,11.422,12.436,Normal,Normal,0.5800000000000001,5.743142885434202,0.7430000000000003,1.0139999999999991,2.337,9.99168,0.1073199999999996,1.2218286302934434,False,-0.504831020600564,False,False,Normal
C0975,L10,10.326,10.5,11.122,12.415,Normal,Normal,0.1739999999999995,1.6850668216153348,0.6219999999999999,1.2929999999999993,2.088999999999998,9.99168,0.3343199999999999,2.3480944068973653,False,-0.47425268295805667,False,False,Normal
C0976,L10,10.466,11.112,12.37,13.471,Normal,Normal,0.6460000000000008,6.1723676667303735,1.2579999999999991,1.1010000000000009,3.005000000000001,9.99168,0.4743199999999987,1.8040421536786169,False,-0.4856175356702308,False,False,Normal
C0977,L10,9.884,10.269,11.538,12.99,Normal,Normal,0.3849999999999998,3.895184135977335,1.269,1.452,3.106,9.99168,-0.1076800000000002,1.296456134456967,False,-0.481451701422261,False,False,Normal
C0978,L10,9.663,10.014,10.581,11.388,Normal,Normal,0.3509999999999991,3.632412294318525,0.5670000000000002,0.8070000000000004,1.7249999999999996,9.99168,-0.3286800000000003,1.5777889058329744,False,-0.49377061198940475,False,False,Normal
C0979,L10,9.959,10.507,11.419,12.527,Normal,Normal,0.548,5.502560498041973,0.9120000000000008,1.1079999999999988,2.568,9.99168,-0.0326800000000009,1.1446982507478545,False,-0.5026687360609035,False,False,Normal
C0980,L10,10.217,10.615,11.653,12.465,Normal,Normal,0.3979999999999997,3.895468337085247,1.0380000000000005,0.8119999999999994,2.248,9.99168,0.2253199999999999,1.3565961577365695,False,-0.4751482592293219,False,False,Normal
C0981,L10,9.504,10.925,15.607,24.85,Gradual_Degradation,Anomaly,1.4210000000000012,14.95159932659934,4.681999999999999,9.243000000000002,15.346000000000002,9.99168,-0.487680000000001,7.025576671400407,True,1.9692548369897453,True,True,Anomaly
C0982,L10,9.938,12.174,17.938,25.899,Gradual_Degradation,Anomaly,2.235999999999999,22.49949688066008,5.763999999999999,7.961000000000002,15.961,9.99168,-0.0536799999999999,8.595017302670438,True,6.686683554400872,True,True,Anomaly
C0983,L10,9.696,11.933,16.562,25.331,Gradual_Degradation,Anomaly,2.237,23.0713696369637,4.629000000000001,8.768999999999998,15.635,9.99168,-0.2956800000000008,10.328739600485852,True,6.864163049443334,True,True,Anomaly
C0984,L10,10.063,10.328,11.545,12.589,Normal,Normal,0.2649999999999988,2.6334095200238377,1.2170000000000003,1.0440000000000005,2.526,9.99168,0.07132,1.6440510497289944,False,-0.3010705672058056,False,False,Normal
C0985,L10,10.504,11.107,11.497,13.342,Normal,Normal,0.6029999999999998,5.740670220868239,0.3900000000000005,1.8450000000000009,2.838000000000001,9.99168,0.512319999999999,1.7227449585834997,False,-0.4675156533485325,False,False,Normal
C0986,L10,9.605,10.105,11.582,12.59,Normal,Normal,0.5,5.205622071837585,1.4770000000000003,1.0079999999999991,2.9849999999999994,9.99168,-0.3866800000000001,1.3503268922953773,False,-0.45441053788572305,False,False,Normal
C0987,L10,9.406,9.896,10.936,11.889,Normal,Normal,0.4900000000000002,5.209440782479271,1.0399999999999991,0.9529999999999994,2.4829999999999988,9.99168,-0.58568,1.6173536659310945,False,-0.48597015777805197,False,False,Normal
C0988,L10,9.458,16.816,27.234,41.302,Latent_Defect,Anomaly,7.357999999999999,77.79657432861069,10.418000000000005,14.067999999999998,31.844,9.99168,-0.5336800000000004,53.50552627222886,True,38.559616477622875,True,True,Anomaly
C0989,L10,9.317,11.598,14.118,22.247,Gradual_Degradation,Anomaly,2.2810000000000006,24.48212944080713,2.52,8.129,12.93,9.99168,-0.6746800000000004,16.622921908115384,True,7.181049021821888,True,True,Anomaly
C0990,L10,9.723,10.299,11.039,12.078,Normal,Normal,0.5759999999999987,5.924097500771353,0.7400000000000002,1.0389999999999997,2.354999999999998,9.99168,-0.2686799999999998,1.3008562001120845,False,-0.5045134049575957,False,False,Normal
C0991,L10,10.552,11.001,27.17,31.8,Sudden_Degradation,Anomaly,0.4489999999999998,4.255117513267626,16.169000000000004,4.629999999999999,21.248,9.99168,0.560319999999999,1.6995271123891997,False,-0.5085570263875576,False,False,Normal
C0992,L10,10.196,10.564,11.115,12.627,Normal,Normal,0.3680000000000003,3.609258532757948,0.5510000000000002,1.5120000000000005,2.431000000000001,9.99168,0.2043199999999991,1.409803573365029,False,-0.48316882012905715,False,False,Normal
C0993,L10,9.667,10.312,11.546,12.159,Normal,Normal,0.6449999999999996,6.672183717802831,1.234,0.6130000000000013,2.492000000000001,9.99168,-0.3246800000000007,1.5580314057380082,False,-0.43355646768154643,False,False,Normal
C0994,L10,10.131,10.835,11.48,12.379,Normal,Normal,0.7040000000000006,6.9489685124864335,0.6449999999999996,0.8989999999999991,2.248,9.99168,0.1393199999999996,1.5581566283228,False,-0.4992571807631847,False,False,Normal
C0995,L10,10.515,11.174,12.582,13.593,Normal,Normal,0.6589999999999989,6.267237280076071,1.4080000000000013,1.0109999999999992,3.0779999999999994,9.99168,0.52332,1.932889629824831,False,-0.44696768536780196,False,False,Normal
C0996,L10,10.011,17.749,25.108,40.674,Latent_Defect,Anomaly,7.737999999999999,77.29497552692038,7.359000000000002,15.566,30.663,9.99168,0.0193199999999986,35.3326448765045,True,39.802084985435066,True,True,Anomaly
C0997,L10,9.988,10.728,12.091,13.077,Normal,Normal,0.7400000000000002,7.408890668802566,1.3629999999999995,0.9860000000000008,3.0890000000000004,9.99168,-0.003680000000001,1.603649919303636,False,-0.49918214952749507,False,False,Normal
C0998,L10,9.83,10.564,12.39,13.268,Normal,Normal,0.734,7.466937945066124,1.8260000000000003,0.8780000000000001,3.4380000000000006,9.99168,-0.1616800000000005,1.6576953727048085,False,-0.48685270800802893,False,False,Normal
C0999,L10,10.365,10.735,11.515,12.392,Normal,Normal,0.3699999999999992,3.5697057404727373,0.7800000000000011,0.8769999999999989,2.0269999999999992,9.99168,0.3733199999999996,1.6061656285376438,False,-0.509963325518042,False,False,Normal
C1000,L10,9.558,9.954,11.099,11.32,Normal,Normal,0.3960000000000008,4.143126177024491,1.1449999999999996,0.221,1.7620000000000005,9.99168,-0.4336800000000007,1.5580262805536735,False,-0.48233596271749546,False,False,Normal
