Component_ID,Lot_ID,Value_0h,Value_24h,Value_96h,Value_168h,Component_Type,Ground_Truth,Drift_0_24,Percentage_Drift_0_24,Drift_24_96,Drift_96_168,Total_Drift_0_168,Lot_Mean_0h,Deviation_From_Lot_0h,Percentage_Drift_24_96,Deviation_From_Lot_96h,Mahalanobis_96h,LOF_96h,Mahalanobis_Anomaly_96h,LOF_Anomaly_96h,Anomaly_Detected_96h,Predicted_Anomaly_96h
C0801,L09,9.693,10.051,11.406,13.075,Normal,Normal,0.3580000000000005,3.693386980295064,1.3550000000000004,1.6689999999999987,3.382,10.05602,-0.3630200000000005,13.48124564719929,-3.553079999999998,2.1290046785872203,-0.41899823251035695,False,False,False,Normal
C0802,L09,9.507,12.069,16.949,23.516,Gradual_Degradation,Anomaly,2.562000000000001,26.94856421584097,4.880000000000001,6.566999999999997,14.009,10.05602,-0.5490200000000005,40.434170188085176,1.9899200000000032,31.930922028036953,9.967565640476142,True,True,True,Anomaly
C0803,L09,9.738,10.336,11.238,12.558,Normal,Normal,0.5980000000000008,6.1408913534606775,0.9019999999999992,1.3200000000000005,2.8200000000000003,10.05602,-0.3180200000000006,8.726780185758507,-3.721079999999999,1.4245021701575526,-0.4417622958757794,False,False,False,Normal
C0804,L09,9.445,10.174,10.756,11.992,Normal,Normal,0.7289999999999992,7.718369507676011,0.5820000000000007,1.2360000000000009,2.5470000000000006,10.05602,-0.6110199999999999,5.720463927658746,-4.203079999999998,2.2027485288644146,-0.46531266000145366,False,False,False,Normal
C0805,L09,9.638,10.099,10.938,11.832,Normal,Normal,0.4610000000000003,4.783150031126793,0.8390000000000004,0.8940000000000001,2.194000000000001,10.05602,-0.4180200000000003,8.30775324289534,-4.021079999999998,1.6971870522076893,-0.46616972840005766,False,False,False,Normal
C0806,L09,9.469,9.96,11.056,12.718,Normal,Normal,0.4910000000000014,5.185341641144803,1.0959999999999983,1.6620000000000008,3.249000000000001,10.05602,-0.5870200000000008,11.00401606425701,-3.903079999999999,1.733407706200805,-0.4633109140330993,False,False,False,Normal
C0807,L09,10.07,10.769,11.628,12.456,Normal,Normal,0.6989999999999998,6.941410129096324,0.859,0.8279999999999994,2.3859999999999992,10.05602,0.0139800000000001,7.976599498560684,-3.3310799999999983,1.4624146320535933,-0.44141815109321825,False,False,False,Normal
C0808,L09,9.877,10.496,11.274,12.751,Normal,Normal,0.6189999999999998,6.267085147311933,0.7779999999999987,1.4770000000000003,2.8739999999999988,10.05602,-0.1790199999999995,7.412347560975598,-3.6850799999999992,1.507327267883563,-0.4897163673329801,False,False,False,Normal
C0809,L09,10.475,11.024,11.952,12.284,Normal,Normal,0.5489999999999995,5.241050119331738,0.9280000000000008,0.3320000000000007,1.809000000000001,10.05602,0.4189799999999994,8.417997097242388,-3.0070799999999984,1.6416549098206288,-0.4579109418227383,False,False,False,Normal
C0810,L09,10.372,10.705,22.018,26.128,Sudden_Degradation,Anomaly,0.3330000000000002,3.210566910914001,11.313,4.109999999999999,15.756,10.05602,0.3159799999999997,105.67958897711351,7.058920000000002,36.9460199130098,31.399580477301313,True,True,True,Anomaly
C0811,L09,9.968,10.575,11.785,12.684,Normal,Normal,0.6069999999999993,6.089486356340282,1.2100000000000009,0.8989999999999991,2.716,10.05602,-0.0880200000000002,11.4420803782506,-3.1740799999999982,1.553719432161467,-0.4446307042416109,False,False,False,Normal
C0812,L09,10.757,12.916,17.276,23.368,Gradual_Degradation,Anomaly,2.1590000000000007,20.070651668680867,4.359999999999999,6.091999999999999,12.611,10.05602,0.7009799999999995,33.75658098482502,2.3169200000000014,36.82277489483899,9.010450815378189,True,True,True,Anomaly
C0813,L09,9.803,12.204,17.332,25.903,Gradual_Degradation,Anomaly,2.401,24.492502295215747,5.128,8.570999999999998,16.099999999999998,10.05602,-0.2530199999999993,42.01901016060308,2.3729200000000024,35.96684219013375,10.811373494500417,True,True,True,Anomaly
C0814,L09,10.392,12.641,17.196,25.066,Gradual_Degradation,Anomaly,2.249000000000001,21.64164742109316,4.5550000000000015,7.869999999999997,14.674,10.05602,0.3359799999999993,36.03354165018591,2.236920000000003,36.0244442308507,9.293272400382804,True,True,True,Anomaly
C0815,L09,10.835,11.146,11.923,13.44,Normal,Normal,0.3109999999999999,2.870327641901245,0.7769999999999992,1.5169999999999997,2.604999999999998,10.05602,0.7789800000000007,6.971110712363172,-3.0360799999999983,2.0560842696708903,-0.39226053706954267,False,False,False,Normal
C0816,L09,9.432,11.627,15.495,23.714,Gradual_Degradation,Anomaly,2.1950000000000003,23.271840542832912,3.8679999999999986,8.219,14.281999999999998,10.05602,-0.6240199999999998,33.267394856798816,0.5359200000000008,18.996816341624196,6.436172806883451,True,True,True,Anomaly
C0817,L09,10.505,10.836,11.571,11.535,Normal,Normal,0.3309999999999995,3.150880533079481,0.7349999999999994,-0.0359999999999995,1.0299999999999994,10.05602,0.4489800000000006,6.782945736434103,-3.3880799999999986,1.7087042415262639,-0.4460728438242749,False,False,False,Normal
C0818,L09,10.03,12.41,17.133,23.521,Gradual_Degradation,Anomaly,2.380000000000001,23.72881355932204,4.722999999999999,6.388000000000002,13.491,10.05602,-0.0260200000000008,38.05801772763899,2.1739200000000007,34.97431875205589,9.648868987609628,True,True,True,Anomaly
C0819,L09,9.869,10.301,11.527,12.052,Normal,Normal,0.4320000000000004,4.377343195865847,1.225999999999999,0.5250000000000004,2.183,10.05602,-0.1870200000000004,11.90175711096009,-3.432079999999999,1.5897919587719411,-0.42408346395552865,False,False,False,Normal
C0820,L09,10.091,10.834,12.035,13.646,Normal,Normal,0.7430000000000003,7.362996729759195,1.2010000000000005,1.6110000000000009,3.555000000000001,10.05602,0.0349799999999991,11.085471663282265,-2.9240799999999982,1.7046429385354491,-0.48590120805255266,False,False,False,Normal
C0821,L09,10.444,18.205,26.484,42.212,Latent_Defect,Anomaly,7.760999999999997,74.31060896208346,8.279000000000003,15.728000000000002,31.768,10.05602,0.3879800000000006,45.476517440263684,11.524920000000003,164.8894492718465,26.013581309998035,True,True,True,Anomaly
C0822,L09,9.714,10.254,24.555,28.782,Sudden_Degradation,Anomaly,0.5399999999999991,5.5589870290302565,14.301,4.227,19.068,10.05602,-0.3420199999999997,139.46752486834407,9.595920000000001,47.501524484841156,42.19674418854806,True,True,True,Anomaly
C0823,L09,10.19,10.936,12.285,13.25,Normal,Normal,0.7460000000000004,7.320902845927385,1.3490000000000002,0.965,3.0600000000000005,10.05602,0.1339799999999993,12.335405998536944,-2.6740799999999982,2.1871289879859175,-0.4712278618047905,False,False,False,Normal
C0824,L09,10.427,10.853,12.014,13.185,Normal,Normal,0.4260000000000001,4.08554713723986,1.1609999999999996,1.1710000000000012,2.758000000000001,10.05602,0.3709799999999994,10.697502994563711,-2.945079999999999,1.6446504486322688,-0.49533238418499725,False,False,False,Normal
C0825,L09,9.86,10.104,11.199,12.934,Normal,Normal,0.2439999999999997,2.474645030425961,1.0950000000000006,1.7349999999999994,3.074,10.05602,-0.1960200000000007,10.837292161520198,-3.7600799999999985,1.5712235566399977,-0.46960927551580633,False,False,False,Normal
C0826,L09,9.416,10.02,10.992,11.897,Normal,Normal,0.6039999999999992,6.414613423959209,0.9720000000000013,0.9049999999999994,2.481,10.05602,-0.6400199999999998,9.700598802395223,-3.9670799999999975,1.6318120771362552,-0.4724383445913207,False,False,False,Normal
C0827,L09,10.558,11.096,12.272,13.239,Normal,Normal,0.5380000000000003,5.095662057207807,1.1760000000000002,0.9670000000000004,2.681000000000001,10.05602,0.5019799999999996,10.598413842826245,-2.687079999999998,1.922079962164143,-0.436734607315296,False,False,False,Normal
C0828,L09,10.167,10.701,11.518,12.663,Normal,Normal,0.5340000000000007,5.252286810268523,0.8170000000000002,1.1449999999999996,2.4960000000000004,10.05602,0.1109799999999996,7.634800485935895,-3.4410799999999977,1.4744355216101321,-0.5037845578950433,False,False,False,Normal
C0829,L09,10.156,10.278,10.933,12.071,Normal,Normal,0.1219999999999998,1.2012603387160286,0.6549999999999994,1.138,1.9149999999999991,10.05602,0.0999800000000004,6.372835181942007,-4.0260799999999985,1.8853737655238887,-0.47238945216105077,False,False,False,Normal
C0830,L09,10.729,16.233,28.944,43.327,Latent_Defect,Anomaly,5.504000000000001,51.30021437226211,12.710999999999999,14.383,32.598,10.05602,0.672979999999999,78.30345592311956,13.98492,235.04026098887923,35.977892314999494,True,True,True,Anomaly
C0831,L09,10.253,11.043,12.377,13.981,Normal,Normal,0.7899999999999991,7.705061933092745,1.3340000000000014,1.6039999999999992,3.728,10.05602,0.1969799999999999,12.08005071085757,-2.5820799999999977,2.281950220590825,-0.44138560218789435,False,False,False,Normal
C0832,L09,9.875,10.876,11.949,12.116,Normal,Normal,1.0009999999999994,10.136708860759487,1.0730000000000004,0.1669999999999998,2.241,10.05602,-0.1810200000000001,9.865759470393531,-3.0100799999999985,1.5372541640650554,-0.5140641139408236,False,False,False,Normal
C0833,L09,10.277,10.667,11.629,12.298,Normal,Normal,0.3900000000000005,3.79488177483702,0.9619999999999997,0.6690000000000005,2.021000000000001,10.05602,0.220979999999999,9.018468172869595,-3.330079999999999,1.3593692997657896,-0.4751945095679013,False,False,False,Normal
C0834,L09,9.62,10.506,10.914,12.214,Normal,Normal,0.886000000000001,9.209979209979222,0.4079999999999995,1.3000000000000007,2.594000000000001,10.05602,-0.4360200000000009,3.8834951456310627,-4.045079999999999,2.347496649493846,-0.36711457468255415,False,False,False,Normal
C0835,L09,8.967,10.979,15.955,23.409,Gradual_Degradation,Anomaly,2.0119999999999987,22.4378275900524,4.976000000000001,7.453999999999999,14.441999999999998,10.05602,-1.0890199999999997,45.322889152017495,0.9959200000000017,17.203889331105497,9.823444127987996,True,True,True,Anomaly
C0836,L09,10.298,10.752,12.245,13.389,Normal,Normal,0.4540000000000006,4.408623033598763,1.4929999999999986,1.144,3.091,10.05602,0.2419799999999998,13.885788690476176,-2.714079999999999,2.3785712571387827,-0.35782955773015734,False,False,False,Normal
C0837,L09,9.568,16.537,33.319,48.073,Latent_Defect,Anomaly,6.968999999999999,72.83653846153845,16.782000000000004,14.753999999999998,38.505,10.05602,-0.4880200000000005,101.48152627441497,18.359920000000002,330.2545585573784,47.584267283034784,True,True,True,Anomaly
C0838,L09,9.95,10.131,10.984,12.238,Normal,Normal,0.1810000000000009,1.8190954773869443,0.8529999999999998,1.2539999999999996,2.2880000000000003,10.05602,-0.1060200000000008,8.419701905043922,-3.9750799999999984,1.6423638771603797,-0.43810841103970666,False,False,False,Normal
C0839,L09,10.011,11.449,16.544,23.869,Gradual_Degradation,Anomaly,1.4380000000000006,14.364199380681258,5.095000000000001,7.324999999999999,13.858,10.05602,-0.0450200000000009,44.50170320552014,1.584920000000002,24.451319156403546,10.429006853707003,True,True,True,Anomaly
C0840,L09,10.589,11.046,11.891,12.856,Normal,Normal,0.4569999999999989,4.3157994144867216,0.8450000000000006,0.965,2.2669999999999995,10.05602,0.5329800000000002,7.649827992033321,-3.0680799999999984,1.7620714511027682,-0.39889617849787173,False,False,False,Normal
C0841,L09,11.085,11.3,11.93,12.481,Normal,Normal,0.2149999999999998,1.93955796120884,0.629999999999999,0.5510000000000002,1.395999999999999,10.05602,1.028980000000001,5.5752212389380436,-3.0290799999999987,2.856388058522383,-0.39347888765892836,False,False,False,Normal
C0842,L09,9.862,10.199,11.678,12.999,Normal,Normal,0.3369999999999997,3.417156763334007,1.479000000000001,1.3209999999999995,3.1370000000000005,10.05602,-0.19402,14.501421708010598,-3.2810799999999976,2.2547417023463114,-0.44132459148738357,False,False,False,Normal
C0843,L09,10.431,10.648,12.134,13.089,Normal,Normal,0.2170000000000005,2.080337455661016,1.4860000000000007,0.955,2.6580000000000013,10.05602,0.374979999999999,13.955672426746812,-2.825079999999998,2.2423317069418,-0.3624519736428087,False,False,False,Normal
C0844,L09,9.518,9.787,24.743,29.054,Sudden_Degradation,Anomaly,0.2690000000000001,2.82622399663795,14.955999999999998,4.311,19.536,10.05602,-0.5380199999999995,152.81495861857564,9.78392,74.00799712058424,45.2781554221693,True,True,True,Anomaly
C0845,L09,10.102,10.756,11.524,12.032,Normal,Normal,0.6539999999999999,6.473965551375964,0.7679999999999989,0.5080000000000009,1.93,10.05602,0.0459800000000001,7.140200818148,-3.4350799999999992,1.5791303013210958,-0.473233547867812,False,False,False,Normal
C0846,L09,10.096,10.825,11.794,12.951,Normal,Normal,0.7289999999999992,7.2206814580031615,0.9690000000000012,1.157,2.8550000000000004,10.05602,0.0399799999999999,8.951501154734423,-3.165079999999998,1.4426123932053263,-0.47709080068183884,False,False,False,Normal
C0847,L09,9.631,10.167,11.204,12.488,Normal,Normal,0.5359999999999996,5.565361852351777,1.0370000000000008,1.283999999999999,2.857,10.05602,-0.4250199999999999,10.199665584734936,-3.7550799999999978,1.4875667758458133,-0.4331293960661724,False,False,False,Normal
C0848,L09,10.11,11.706,17.476,25.239,Gradual_Degradation,Anomaly,1.596,15.786350148367951,5.77,7.763000000000002,15.129,10.05602,0.0539799999999992,49.2909618998804,2.5169200000000007,33.04452020775972,12.737569682427637,True,True,True,Anomaly
C0849,L09,10.375,10.931,11.812,12.505,Normal,Normal,0.5559999999999992,5.3590361445783055,0.8810000000000002,0.6930000000000014,2.130000000000001,10.05602,0.3189799999999998,8.059646875857656,-3.147079999999999,1.5771406384082798,-0.4147413855853701,False,False,False,Normal
C0850,L09,10.382,11.107,12.279,12.997,Normal,Normal,0.7249999999999996,6.983240223463684,1.1720000000000006,0.718,2.615,10.05602,0.3259799999999995,10.551904204555692,-2.6800799999999985,1.9262958501667438,-0.43683885957904156,False,False,False,Normal
C0851,L09,9.231,9.702,10.674,11.576,Normal,Normal,0.4710000000000001,5.102372440688984,0.9719999999999995,0.902000000000001,2.3450000000000006,10.05602,-0.8250200000000003,10.018552875695729,-4.285079999999999,2.0279594239816214,-0.32320083598367155,False,False,False,Normal
C0852,L09,9.413,16.309,27.532,40.921,Latent_Defect,Anomaly,6.896000000000001,73.2603845745246,11.222999999999999,13.389,31.508,10.05602,-0.6430199999999999,68.81476485376172,12.572920000000002,205.37130773783372,32.47123206904041,True,True,True,Anomaly
C0853,L09,10.317,10.677,11.568,12.588,Normal,Normal,0.3599999999999994,3.489386449549282,0.891,1.0199999999999996,2.270999999999999,10.05602,0.26098,8.3450407417814,-3.3910799999999988,1.390380697773021,-0.5039191545740274,False,False,False,Normal
C0854,L09,9.971,11.769,17.456,25.536,Gradual_Degradation,Anomaly,1.798,18.032293651589608,5.686999999999999,8.080000000000002,15.565,10.05602,-0.0850200000000001,48.32186252018013,2.496920000000001,33.56006387494126,12.480351170094625,True,True,True,Anomaly
C0855,L09,10.57,10.992,12.042,13.209,Normal,Normal,0.4220000000000006,3.9924314096499582,1.049999999999999,1.1669999999999998,2.639,10.05602,0.5139800000000001,9.552401746724879,-2.9170799999999986,1.6211338858865982,-0.504351303940985,False,False,False,Normal
C0856,L09,10.279,10.744,12.115,12.702,Normal,Normal,0.4649999999999998,4.523786360540908,1.3710000000000004,0.5869999999999997,2.423,10.05602,0.2229799999999997,12.760610573343264,-2.844079999999998,2.025515015866298,-0.48738503734050886,False,False,False,Normal
C0857,L09,10.298,12.062,16.933,24.308,Gradual_Degradation,Anomaly,1.7639999999999991,17.12953971644979,4.871,7.375,14.01,10.05602,0.2419799999999998,40.383021057867694,1.9739200000000015,31.759845635920666,9.934649262449678,True,True,True,Anomaly
C0858,L09,9.51,15.42,30.123,45.895,Latent_Defect,Anomaly,5.91,62.14511041009464,14.703000000000001,15.772000000000002,36.385000000000005,10.05602,-0.5460200000000004,95.35019455252919,15.163920000000003,252.4691784212538,40.79600340180035,True,True,True,Anomaly
C0859,L09,9.969,12.066,17.91,25.723,Gradual_Degradation,Anomaly,2.0970000000000013,21.03520914835993,5.843999999999999,7.812999999999999,15.754,10.05602,-0.0870200000000007,48.433615116857275,2.9509200000000018,39.95074024062509,13.09651315925007,True,True,True,Anomaly
C0860,L09,9.662,11.224,17.471,23.941,Gradual_Degradation,Anomaly,1.5619999999999994,16.16642517077209,6.247,6.469999999999999,14.278999999999998,10.05602,-0.3940199999999993,55.65751960085531,2.5119200000000017,26.993793931689716,14.27618018430609,True,True,True,Anomaly
C0861,L09,10.815,11.24,12.197,13.068,Normal,Normal,0.4250000000000007,3.929727230698112,0.956999999999999,0.8710000000000004,2.253,10.05602,0.7589799999999993,8.51423487544483,-2.762079999999999,1.9097661881594932,-0.41549148431055416,False,False,False,Normal
C0862,L09,9.364,9.845,10.662,11.607,Normal,Normal,0.4809999999999998,5.136693720632207,0.8170000000000002,0.9449999999999984,2.2429999999999986,10.05602,-0.6920199999999994,8.29862874555612,-4.297079999999998,2.0463462451487873,-0.4306580363857688,False,False,False,Normal
C0863,L09,10.479,11.02,12.526,13.926,Normal,Normal,0.5410000000000004,5.162706365111179,1.5060000000000002,1.4000000000000004,3.447000000000001,10.05602,0.422979999999999,13.666061705989113,-2.4330799999999986,2.8318286378308803,-0.3118640004600006,False,False,False,Normal
C0864,L09,10.849,11.213,12.14,13.141,Normal,Normal,0.363999999999999,3.355147939902286,0.9270000000000014,1.0009999999999994,2.292,10.05602,0.79298,8.26718986890218,-2.819079999999998,1.8948143340239425,-0.3705954957032387,False,False,False,Normal
C0865,L09,10.535,11.29,12.336,13.319,Normal,Normal,0.754999999999999,7.166587565258651,1.0460000000000012,0.9830000000000004,2.7840000000000007,10.05602,0.4789799999999999,9.264836138175388,-2.623079999999998,1.9746365115915416,-0.3908861260975751,False,False,False,Normal
C0866,L09,10.033,9.991,26.228,32.867,Sudden_Degradation,Anomaly,-0.0419999999999998,-0.418618558756103,16.237000000000002,6.638999999999996,22.834,10.05602,-0.0230200000000007,162.5162646381744,11.268920000000003,66.74414480297726,49.39708772533535,True,True,True,Anomaly
C0867,L09,10.191,10.753,11.046,11.84,Normal,Normal,0.5619999999999994,5.514669806692173,0.29299999999999926,0.7940000000000005,1.6489999999999991,10.05602,0.1349800000000005,2.7248209801915677,-3.913079999999999,2.8405299788698506,-0.17433779801764815,False,False,False,Normal
C0868,L09,9.617,10.11,11.407,12.32,Normal,Normal,0.4929999999999985,5.12633877508577,1.2970000000000006,0.9130000000000004,2.7029999999999994,10.05602,-0.4390199999999993,12.828882294757674,-3.5520799999999983,1.8945177694829862,-0.4199442586448838,False,False,False,Normal
C0869,L09,10.263,10.668,11.109,12.154,Normal,Normal,0.4049999999999993,3.946214557147027,0.4410000000000007,1.045,1.891,10.05602,0.2069799999999997,4.133858267716542,-3.8500799999999984,2.2990970437018436,-0.2913903055671305,False,False,False,Normal
C0870,L09,10.573,11.053,11.964,12.866,Normal,Normal,0.4800000000000004,4.5398656956398415,0.9109999999999996,0.9019999999999992,2.293,10.05602,0.5169800000000002,8.242106215507098,-2.995079999999998,1.6895097586134122,-0.4309016035577744,False,False,False,Normal
C0871,L09,10.493,10.851,11.672,12.477,Normal,Normal,0.3580000000000005,3.4117983417516493,0.8209999999999997,0.8049999999999997,1.984,10.05602,0.4369800000000001,7.566122937978063,-3.287079999999998,1.5721898021110736,-0.406546208073046,False,False,False,Normal
C0872,L09,10.23,10.695,11.692,12.815,Normal,Normal,0.4649999999999998,4.545454545454544,0.9969999999999999,1.122999999999999,2.584999999999999,10.05602,0.1739800000000002,9.322113136979896,-3.267079999999998,1.3731064440185046,-0.484902882764338,False,False,False,Normal
C0873,L09,10.907,17.564,27.62,43.584,Latent_Defect,Anomaly,6.657,61.03419822132575,10.056000000000001,15.964000000000002,32.67700000000001,10.05602,0.8509799999999998,57.253473012981104,12.660920000000003,200.51586510613697,29.53854130209217,True,True,True,Anomaly
C0874,L09,9.951,10.229,11.105,12.079,Normal,Normal,0.2779999999999987,2.793689076474713,0.8760000000000012,0.9740000000000002,2.128,10.05602,-0.1050199999999996,8.563886987975376,-3.854079999999998,1.523570531101977,-0.45089439365208217,False,False,False,Normal
C0875,L09,10.198,10.751,11.238,13.293,Normal,Normal,0.552999999999999,5.4226318886056,0.4870000000000001,2.055,3.094999999999999,10.05602,0.1419800000000002,4.529811180355317,-3.721079999999999,2.2463415398867337,-0.28813248232520694,False,False,False,Normal
C0876,L09,10.447,10.896,28.09,31.524,Sudden_Degradation,Anomaly,0.4490000000000016,4.297884560160828,17.194,3.434000000000001,21.077,10.05602,0.390979999999999,157.80102790014683,13.130920000000001,65.42152505382269,51.160048524126054,True,True,True,Anomaly
C0877,L09,8.496,9.11,9.616,10.858,Normal,Normal,0.613999999999999,7.226930320150647,0.5060000000000002,1.2420000000000009,2.362,10.05602,-1.5600199999999995,5.554335894621298,-5.343079999999999,4.830367889852517,0.27829400436042606,True,True,True,Anomaly
C0878,L09,9.662,15.091,27.312,40.059,Latent_Defect,Anomaly,5.428999999999999,56.189194783688656,12.221000000000002,12.746999999999996,30.397,10.05602,-0.3940199999999993,80.98204227685378,12.352920000000003,196.66616197675157,33.56066647606457,True,True,True,Anomaly
C0879,L09,10.247,10.176,11.002,11.899,Normal,Normal,-0.0709999999999997,-0.6928857226505292,0.8260000000000005,0.8969999999999985,1.6519999999999992,10.05602,0.1909799999999997,8.117138364779878,-3.9570799999999977,1.6407489323238764,-0.46887249686174215,False,False,False,Normal
C0880,L09,9.92,10.506,11.52,12.743,Normal,Normal,0.5860000000000003,5.907258064516132,1.0139999999999993,1.2230000000000008,2.8230000000000004,10.05602,-0.1360200000000002,9.651627641347794,-3.439079999999999,1.34047186730456,-0.5190092628582846,False,False,False,Normal
C0881,L09,10.928,12.736,19.326,29.607,Gradual_Degradation,Anomaly,1.808,16.544655929721813,6.59,10.281,18.679,10.05602,0.8719800000000006,51.7430904522613,4.366920000000002,59.16478351490576,15.298331359447559,True,True,True,Anomaly
C0882,L09,9.412,16.077,28.065,44.422,Latent_Defect,Anomaly,6.665000000000001,70.81385465363367,11.988,16.356999999999996,35.01,10.05602,-0.6440199999999994,74.56615040119424,13.105920000000003,216.40533179506593,33.77051798341519,True,True,True,Anomaly
C0883,L09,9.313,9.917,10.962,12.735,Normal,Normal,0.6039999999999992,6.485557822398788,1.045,1.7729999999999997,3.421999999999999,10.05602,-0.7430199999999996,10.53746092568317,-3.9970799999999986,1.7492062745915877,-0.4602575415660022,False,False,False,Normal
C0884,L09,10.643,11.021,11.552,12.081,Normal,Normal,0.3780000000000001,3.551630179460679,0.5309999999999988,0.5289999999999999,1.4379999999999988,10.05602,0.5869800000000005,4.8180745848833935,-3.4070799999999988,2.5637832604655286,-0.36099373606960716,False,False,False,Normal
C0885,L09,10.718,11.148,12.255,13.801,Normal,Normal,0.4299999999999997,4.011942526590779,1.107000000000001,1.5459999999999994,3.083,10.05602,0.6619799999999998,9.930032292787955,-2.7040799999999976,1.8572310517675479,-0.4522807490785419,False,False,False,Normal
C0886,L09,10.537,10.927,11.935,12.318,Normal,Normal,0.3899999999999988,3.701243238113303,1.008000000000001,0.3829999999999991,1.7809999999999988,10.05602,0.4809800000000006,9.224855861627171,-3.024079999999998,1.533394216712184,-0.5068242920628405,False,False,False,Normal
C0887,L09,10.082,11.021,12.043,13.232,Normal,Normal,0.939,9.31362824836342,1.0219999999999985,1.189,3.1499999999999986,10.05602,0.0259800000000005,9.27320569821249,-2.916079999999999,1.6322375555500737,-0.49749377765677716,False,False,False,Normal
C0888,L09,10.529,11.068,11.817,13.387,Normal,Normal,0.5389999999999997,5.119194605375626,0.7490000000000006,1.5700000000000005,2.8580000000000005,10.05602,0.4729799999999997,6.767256956993138,-3.142079999999998,1.992216023896751,-0.41065942076717965,False,False,False,Normal
C0889,L09,9.954,10.277,11.162,12.381,Normal,Normal,0.3229999999999986,3.244926662648168,0.8850000000000016,1.2189999999999994,2.427,10.05602,-0.1020199999999995,8.611462489053242,-3.7970799999999976,1.4775700940028695,-0.44757264272678965,False,False,False,Normal
C0890,L09,9.625,9.876,24.756,30.249,Sudden_Degradation,Anomaly,0.2509999999999994,2.607792207792202,14.88,5.492999999999999,20.624,10.05602,-0.4310200000000002,150.66828675577156,9.796920000000002,67.66698760883031,44.84397019619789,True,True,True,Anomaly
C0891,L09,10.145,10.246,11.528,12.168,Normal,Normal,0.1010000000000008,0.9955643173977414,1.282,0.6399999999999988,2.023,10.05602,0.0889799999999993,12.512199882881125,-3.431079999999998,1.7256266505224336,-0.4472026223668091,False,False,False,Normal
C0892,L09,9.213,9.469,9.863,10.822,Normal,Normal,0.2560000000000002,2.7786822967545888,0.39400000000000013,0.9589999999999996,1.609,10.05602,-0.843020000000001,4.160946245643681,-5.096079999999999,4.622685325221866,-0.03995717695691825,True,False,True,Anomaly
C0893,L09,9.701,15.734,25.092,34.845,Latent_Defect,Anomaly,6.033,62.18946500360787,9.357999999999999,9.753,25.144,10.05602,-0.3550199999999996,59.47629337739926,10.13292,156.4419116712763,26.505137640211966,True,True,True,Anomaly
C0894,L09,10.145,10.654,12.002,13.391,Normal,Normal,0.5090000000000003,5.017249876786599,1.3480000000000008,1.3889999999999991,3.2460000000000004,10.05602,0.0889799999999993,12.652524873287035,-2.9570799999999977,1.886971091824499,-0.49542893787084785,False,False,False,Normal
C0895,L09,9.61,10.151,11.195,11.932,Normal,Normal,0.5410000000000004,5.629552549427683,1.0440000000000005,0.7370000000000001,2.322000000000001,10.05602,-0.4460200000000007,10.284701014678362,-3.764079999999998,1.5022300954595504,-0.4722674639497948,False,False,False,Normal
C0896,L09,9.588,11.861,15.674,23.465,Gradual_Degradation,Anomaly,2.273000000000001,23.706716729244903,3.812999999999999,7.791,13.877,10.05602,-0.468020000000001,32.14737374588988,0.7149200000000011,20.986377316050408,6.380037374503161,True,True,True,Anomaly
C0897,L09,10.603,10.798,11.683,12.411,Normal,Normal,0.1950000000000002,1.8391021409035209,0.8849999999999998,0.7279999999999998,1.808,10.05602,0.5469799999999996,8.195962215225041,-3.2760799999999985,1.4578759514974877,-0.3838879431348705,False,False,False,Normal
C0898,L09,9.627,9.991,10.699,11.981,Normal,Normal,0.363999999999999,3.7810325127246176,0.7080000000000002,1.282,2.353999999999999,10.05602,-0.4290199999999995,7.086377739965971,-4.2600799999999985,2.1219141304858646,-0.4341348695298526,False,False,False,Normal
C0899,L09,9.346,14.748,24.474,36.688,Latent_Defect,Anomaly,5.401999999999999,57.80012839717526,9.726,12.214000000000002,27.342,10.05602,-0.7100200000000001,65.9479251423922,9.514920000000002,144.22203622912735,25.99489067103135,True,True,True,Anomaly
C0900,L09,10.766,11.273,25.454,31.46,Sudden_Degradation,Anomaly,0.5069999999999997,4.70926992383429,14.181000000000001,6.006,20.694000000000003,10.05602,0.7099799999999998,125.79615009314291,10.494920000000002,70.05632819679519,40.58099783591718,True,True,True,Anomaly
C0901,L10,9.436,10.162,10.645,11.279,Normal,Normal,0.7260000000000009,7.693938109368386,0.48299999999999876,0.6340000000000003,1.843,9.99168,-0.5556800000000006,4.753001377681546,-3.9453999999999994,2.2148539783470516,-0.46785568825400214,False,False,False,Normal
C0902,L10,10.523,11.175,11.997,13.357,Normal,Normal,0.652000000000001,6.1959517247933205,0.8219999999999992,1.3599999999999994,2.834,9.99168,0.5313199999999991,7.355704697986569,-2.593399999999999,1.6084299849310149,-0.45616789195430263,False,False,False,Normal
C0903,L10,10.85,11.269,12.595,14.236,Normal,Normal,0.4190000000000005,3.861751152073737,1.3260000000000005,1.641,3.386000000000001,9.99168,0.8583199999999991,11.76679385925992,-1.9953999999999983,2.2755778379277856,-0.48098902621625195,False,False,False,Normal
C0904,L10,10.211,11.022,11.403,12.276,Normal,Normal,0.8109999999999999,7.942415042601116,0.3810000000000002,0.8729999999999993,2.0649999999999995,9.99168,0.2193199999999997,3.4567229178007643,-3.1873999999999985,2.87337213215371,-0.29300650036143816,False,False,False,Normal
C0905,L10,10.471,11.009,12.106,14.018,Normal,Normal,0.5380000000000003,5.138000191003727,1.0969999999999995,1.9120000000000008,3.5470000000000006,9.99168,0.4793199999999995,9.96457443909528,-2.484399999999999,1.1905706180781497,-0.5049329546965653,False,False,False,Normal
C0906,L10,9.017,9.5,9.89,10.909,Normal,Normal,0.4830000000000005,5.356548741266503,0.39000000000000057,1.019,1.8920000000000008,9.99168,-0.9746800000000012,4.105263157894743,-4.700399999999998,4.399454365198073,-0.19766715589377437,True,False,True,Anomaly
C0907,L10,9.875,10.041,10.86,11.987,Normal,Normal,0.1660000000000003,1.681012658227852,0.8189999999999991,1.127000000000001,2.112,9.99168,-0.1166800000000005,8.156558111741848,-3.7303999999999995,1.334595379112629,-0.505163530596097,False,False,False,Normal
C0908,L10,10.325,12.557,17.803,24.979,Gradual_Degradation,Anomaly,2.232000000000001,21.6174334140436,5.246,7.175999999999998,14.654,9.99168,0.3333199999999987,41.77749462451223,3.212600000000002,42.0932481260597,11.50730037077443,True,True,True,Anomaly
C0909,L10,10.138,10.877,12.393,12.396,Normal,Normal,0.7390000000000008,7.28940619451569,1.516,0.0030000000000001,2.258000000000001,9.99168,0.1463199999999993,13.937666636020962,-2.1973999999999982,2.333716762583846,-0.3485985013742481,False,False,False,Normal
C0910,L10,10.048,10.484,10.961,11.742,Normal,Normal,0.4359999999999999,4.3391719745222925,0.4770000000000003,0.7810000000000006,1.6940000000000008,9.99168,0.0563199999999994,4.549790156428847,-3.6293999999999986,1.815467959315513,-0.3928005967067849,False,False,False,Normal
C0911,L10,9.454,9.981,10.831,12.006,Normal,Normal,0.5269999999999992,5.574360059234178,0.8499999999999996,1.1750000000000007,2.552,9.99168,-0.5376799999999999,8.51618074341248,-3.7593999999999994,1.3501909215692882,-0.49706968084991665,False,False,False,Normal
C0912,L10,10.039,10.75,11.839,12.528,Normal,Normal,0.7110000000000003,7.08237872298038,1.0890000000000004,0.6890000000000001,2.4890000000000008,9.99168,0.0473199999999991,10.13023255813954,-2.7513999999999985,0.835203509663475,-0.519390510328182,False,False,False,Normal
C0913,L10,10.079,10.614,11.492,12.245,Normal,Normal,0.5350000000000001,5.308066276416312,0.8780000000000001,0.7529999999999983,2.1659999999999986,9.99168,0.08732,8.272093461465989,-3.098399999999998,0.6918337409301794,-0.5103526864195909,False,False,False,Normal
C0914,L10,10.288,10.758,11.913,13.241,Normal,Normal,0.4699999999999988,4.568429237947112,1.1550000000000011,1.3279999999999994,2.9529999999999994,9.99168,0.2963199999999997,10.736196319018417,-2.6773999999999987,0.9918448844091038,-0.5152386954776993,False,False,False,Normal
C0915,L10,10.162,10.556,11.136,12.625,Normal,Normal,0.3939999999999983,3.877189529620137,0.5800000000000001,1.4890000000000008,2.462999999999999,9.99168,0.1703200000000002,5.494505494505495,-3.4543999999999997,1.4776200960476555,-0.40456698262888424,False,False,False,Normal
C0916,L10,10.16,10.628,11.952,13.329,Normal,Normal,0.4679999999999999,4.606299212598425,1.3239999999999998,1.377000000000001,3.1690000000000005,9.99168,0.1683199999999995,12.457659013925479,-2.638399999999999,1.3460665442035022,-0.5144401176880609,False,False,False,Normal
C0917,L10,10.244,10.958,12.064,12.715,Normal,Normal,0.7140000000000004,6.969933619679816,1.1059999999999999,0.6509999999999998,2.471,9.99168,0.2523199999999992,10.093082679321043,-2.526399999999999,1.1345057319411929,-0.5023887563473668,False,False,False,Normal
C0918,L10,9.729,10.215,11.377,12.728,Normal,Normal,0.4860000000000006,4.99537465309899,1.1620000000000008,1.350999999999999,2.999000000000001,9.99168,-0.2626800000000013,11.375428291727859,-3.2133999999999983,0.9550826957286455,-0.5033756959863931,False,False,False,Normal
C0919,L10,9.666,10.154,11.387,12.364,Normal,Normal,0.4879999999999995,5.048624043037446,1.2330000000000005,0.9770000000000004,2.6980000000000004,9.99168,-0.3256800000000002,12.142997833366167,-3.2033999999999985,1.1968152786110238,-0.4869121561764447,False,False,False,Normal
C0920,L10,9.305,10.013,10.908,11.021,Normal,Normal,0.7080000000000002,7.608812466415908,0.8949999999999996,0.1130000000000013,1.716000000000001,9.99168,-0.6866800000000008,8.938380105862374,-3.6823999999999995,1.2052771052885642,-0.49793321469743757,False,False,False,Normal
C0921,L10,10.685,10.968,11.67,13.038,Normal,Normal,0.2829999999999995,2.64857276555919,0.702,1.3680000000000003,2.353,9.99168,0.6933199999999999,6.400437636761487,-2.920399999999999,1.545183351805679,-0.46288326502236754,False,False,False,Normal
C0922,L10,9.619,10.044,11.075,11.882,Normal,Normal,0.4250000000000007,4.41833870464706,1.0309999999999988,0.8070000000000004,2.263,9.99168,-0.3726800000000008,10.264834727200306,-3.5153999999999996,1.039834476596728,-0.5107796346896137,False,False,False,Normal
C0923,L10,9.109,9.163,10.462,11.674,Normal,Normal,0.0540000000000002,0.5928202876276241,1.2989999999999995,1.2119999999999995,2.5649999999999995,9.99168,-0.8826800000000006,14.176579722798206,-4.128399999999999,4.3091286210991715,-0.16108352909029078,True,False,True,Anomaly
C0924,L10,9.767,11.162,15.889,24.389,Gradual_Degradation,Anomaly,1.3950000000000014,14.282788983311164,4.7269999999999985,8.5,14.622,9.99168,-0.2246800000000011,42.34904139043181,1.2986000000000004,18.363080049622237,9.216436356145396,True,True,True,Anomaly
C0925,L10,9.322,9.866,10.802,12.274,Normal,Normal,0.5440000000000005,5.835657584209403,0.9359999999999999,1.4719999999999995,2.952,9.99168,-0.6696800000000014,9.487127508615446,-3.7883999999999993,1.3724786746853708,-0.48074166229590665,False,False,False,Normal
C0926,L10,10.298,10.394,11.538,13.137,Normal,Normal,0.096,0.9322198485142754,1.1440000000000001,1.5990000000000002,2.8390000000000004,9.99168,0.3063199999999995,11.006349817202233,-3.0523999999999987,0.7847021099909405,-0.5032477763185469,False,False,False,Normal
C0927,L10,9.753,10.153,11.19,11.94,Normal,Normal,0.4000000000000003,4.101302163436895,1.036999999999999,0.75,2.1869999999999994,9.99168,-0.2386800000000004,10.213729932039781,-3.4003999999999994,0.8808732911976648,-0.47550333610866025,False,False,False,Normal
C0928,L10,10.048,11.811,15.885,22.552,Gradual_Degradation,Anomaly,1.763,17.545780254777068,4.074,6.667,12.504,9.99168,0.0563199999999994,34.49326898653797,1.2946000000000009,22.373708842606472,7.3085933467300634,True,True,True,Anomaly
C0929,L10,9.224,9.857,11.081,12.64,Normal,Normal,0.6329999999999991,6.862532523850814,1.2240000000000002,1.559000000000001,3.4160000000000004,9.99168,-0.7676800000000004,12.41757126914883,-3.5093999999999994,1.7341566584490178,-0.4535936669805354,False,False,False,Normal
C0930,L10,10.779,11.383,12.209,12.746,Normal,Normal,0.6039999999999992,5.603488264217452,0.8260000000000005,0.5370000000000008,1.9670000000000003,9.99168,0.7873199999999994,7.256435034700874,-2.3813999999999993,2.05740017633052,-0.41143131949893297,False,False,False,Normal
C0931,L10,10.425,17.843,27.55,42.481,Latent_Defect,Anomaly,7.417999999999999,71.15587529976018,9.707,14.931,32.056,9.99168,0.4333200000000001,54.40228661099591,12.959600000000002,195.94036125354606,28.844993390841516,True,True,True,Anomaly
C0932,L10,10.934,13.431,19.108,27.622,Gradual_Degradation,Anomaly,2.497,22.83702213279678,5.677000000000001,8.514,16.688000000000002,9.99168,0.9423199999999988,42.26788772243319,4.517600000000002,59.10492178547653,13.628245330235549,True,True,True,Anomaly
C0933,L10,9.769,10.421,11.481,12.448,Normal,Normal,0.6519999999999992,6.6741734056709925,1.0600000000000005,0.9670000000000004,2.6790000000000003,9.99168,-0.2226800000000004,10.171768544285582,-3.109399999999999,0.6406518034046682,-0.5361684053907021,False,False,False,Normal
C0934,L10,10.039,10.447,11.194,12.415,Normal,Normal,0.4079999999999995,4.064149815718692,0.7470000000000017,1.2209999999999983,2.3759999999999994,9.99168,0.0473199999999991,7.150378098975799,-3.396399999999998,1.0239909877392452,-0.5114855073140511,False,False,False,Normal
C0935,L10,9.983,10.164,24.242,28.869,Sudden_Degradation,Anomaly,0.1809999999999991,1.8130822398076645,14.078000000000001,4.626999999999999,18.886,9.99168,-0.00868,138.50846123573396,9.651600000000002,49.525923117464956,41.63235016212753,True,True,True,Anomaly
C0936,L10,10.002,10.826,26.617,30.66,Sudden_Degradation,Anomaly,0.8239999999999998,8.23835232953409,15.791,4.042999999999999,20.658,9.99168,0.0103200000000001,145.86181415111767,12.026600000000002,56.92134827692448,46.58205547199723,True,True,True,Anomaly
C0937,L10,9.705,10.114,11.554,12.769,Normal,Normal,0.4090000000000007,4.214322514167962,1.4399999999999995,1.215,3.064,9.99168,-0.2866800000000005,14.237690330235312,-3.0363999999999987,1.901202787346257,-0.4708122614668375,False,False,False,Normal
C0938,L10,9.746,9.874,10.587,11.046,Normal,Normal,0.1280000000000001,1.313359326903346,0.7129999999999992,0.4589999999999996,1.299999999999999,9.99168,-0.2456800000000001,7.2209844034838895,-4.003399999999999,1.9419445960851516,-0.4651020655964544,False,False,False,Normal
C0939,L10,9.208,9.791,25.785,30.491,Sudden_Degradation,Anomaly,0.5830000000000002,6.33145091225022,15.994,4.706,21.283,9.99168,-0.7836800000000004,163.3541007047288,11.194600000000001,79.18293822658921,49.01480697339508,True,True,True,Anomaly
C0940,L10,10.147,10.498,26.814,31.744,Sudden_Degradation,Anomaly,0.3509999999999991,3.4591504878289063,16.316000000000003,4.93,21.597,9.99168,0.1553199999999996,155.42008001524104,12.223600000000001,51.26314053417076,48.852767754402905,True,True,True,Anomaly
C0941,L10,9.407,10.118,10.946,11.835,Normal,Normal,0.7110000000000003,7.558201339428089,0.8279999999999994,0.8890000000000011,2.428000000000001,9.99168,-0.5846800000000005,8.18343546155366,-3.644399999999999,1.1952621879135843,-0.49556978918958183,False,False,False,Normal
C0942,L10,10.679,11.108,12.213,12.854,Normal,Normal,0.4290000000000002,4.017230077722635,1.1049999999999986,0.641,2.174999999999999,9.99168,0.6873199999999997,9.947785379906362,-2.3773999999999997,1.354757828554991,-0.47221640209410576,False,False,False,Normal
C0943,L10,9.756,10.471,12.063,13.229,Normal,Normal,0.7149999999999999,7.32882328823288,1.5920000000000005,1.1659999999999986,3.472999999999999,9.99168,-0.2356800000000003,15.203896475981288,-2.5273999999999983,2.0867059283528437,-0.2167132017029647,False,False,False,Normal
C0944,L10,10.517,11.31,12.294,13.074,Normal,Normal,0.793000000000001,7.540173053152049,0.984,0.7799999999999994,2.5570000000000004,9.99168,0.5253199999999989,8.70026525198939,-2.2963999999999984,1.6038680132389422,-0.4487390463246652,False,False,False,Normal
C0945,L10,10.084,12.462,18.334,27.534,Gradual_Degradation,Anomaly,2.378,23.58191193970647,5.872,9.2,17.45,9.99168,0.092319999999999,47.11924249719146,3.7436000000000007,46.92337485416651,13.039175082307816,True,True,True,Anomaly
C0946,L10,9.455,11.772,16.946,24.642,Gradual_Degradation,Anomaly,2.317,24.50555261766261,5.174000000000001,7.695999999999998,15.187,9.99168,-0.5366800000000005,43.95174991505268,2.3556000000000026,29.88299156685476,10.88442255455573,True,True,True,Anomaly
C0947,L10,9.891,10.544,11.027,11.254,Normal,Normal,0.6530000000000005,6.601961379031447,0.48299999999999876,0.2270000000000003,1.3629999999999995,9.99168,-0.1006800000000005,4.5808042488619,-3.5633999999999997,1.7826510792820167,-0.35902990233154686,False,False,False,Normal
C0948,L10,10.535,10.88,26.62,32.205,Sudden_Degradation,Anomaly,0.3450000000000006,3.274798291409593,15.74,5.584999999999997,21.67,9.99168,0.5433199999999996,144.6691176470588,12.029600000000002,58.871554380180115,46.338682560447566,True,True,True,Anomaly
C0949,L10,9.95,10.438,11.508,12.796,Normal,Normal,0.4880000000000013,4.90452261306534,1.0699999999999985,1.2880000000000005,2.846,9.99168,-0.0416800000000012,10.251005939835203,-3.0824,0.6469705652475114,-0.5292031491962714,False,False,False,Normal
C0950,L10,9.521,11.87,16.806,24.506,Gradual_Degradation,Anomaly,2.3489999999999984,24.671778174561474,4.936000000000002,7.699999999999999,14.985,9.99168,-0.4706799999999997,41.583824768323524,2.215600000000002,29.569926471308445,10.146590199512925,True,True,True,Anomaly
C0951,L10,9.497,11.641,17.201,23.984,Gradual_Degradation,Anomaly,2.144,22.57555017373908,5.5600000000000005,6.783000000000001,14.487000000000002,9.99168,-0.4946800000000007,47.76221974057212,2.6106000000000016,30.45758516822963,12.11602833752348,True,True,True,Anomaly
C0952,L10,10.814,10.993,12.23,13.002,Normal,Normal,0.1790000000000002,1.6552616977991517,1.237,0.7720000000000002,2.1880000000000006,9.99168,0.8223199999999995,11.252615300645866,-2.3603999999999985,1.5322901600901158,-0.5071435097980507,False,False,False,Normal
C0953,L10,10.426,16.197,28.209,43.926,Latent_Defect,Anomaly,5.770999999999999,55.35200460387492,12.012,15.717000000000002,33.5,9.99168,0.4343199999999996,74.16188182996852,13.6186,219.58890666395877,34.042404399669515,True,True,True,Anomaly
C0954,L10,9.803,17.122,27.93,41.331,Latent_Defect,Anomaly,7.318999999999999,74.66081811690297,10.808,13.401000000000003,31.528,9.99168,-0.1886799999999997,63.123466884709735,13.3396,211.19007739282097,32.10310396683674,True,True,True,Anomaly
C0955,L10,10.404,10.788,11.711,12.446,Normal,Normal,0.3840000000000003,3.690888119953868,0.923,0.7349999999999994,2.042,9.99168,0.4123199999999993,8.555802743789394,-2.8793999999999986,0.776252381909924,-0.47836634549514057,False,False,False,Normal
C0956,L10,10.014,10.535,11.365,12.698,Normal,Normal,0.5210000000000008,5.202716197323755,0.8300000000000001,1.3330000000000002,2.684000000000001,9.99168,0.0223199999999987,7.878500237304224,-3.2253999999999987,0.7798509815401778,-0.5322285254369656,False,False,False,Normal
C0957,L10,10.105,10.408,27.864,32.852,Sudden_Degradation,Anomaly,0.302999999999999,2.9985155863433848,17.456000000000003,4.987999999999996,22.747,9.99168,0.1133199999999998,167.71714066103002,13.273600000000002,55.35313331588347,52.19753112261266,True,True,True,Anomaly
C0958,L10,10.888,12.704,17.336,24.256,Gradual_Degradation,Anomaly,1.8160000000000007,16.678912564290968,4.631999999999998,6.920000000000002,13.368,9.99168,0.8963199999999993,36.46095717884129,2.7455999999999996,37.54225511788681,9.688296403400273,True,True,True,Anomaly
C0959,L10,9.693,10.232,11.275,12.279,Normal,Normal,0.5389999999999997,5.560713917259876,1.043000000000001,1.0039999999999996,2.5860000000000003,9.99168,-0.2986800000000009,10.193510555121199,-3.3153999999999986,0.781944925988118,-0.5045026436422582,False,False,False,Normal
C0960,L10,10.673,11.151,12.278,13.802,Normal,Normal,0.4779999999999997,4.478590836690713,1.1270000000000007,1.5239999999999991,3.129,9.99168,0.6813199999999995,10.106716886377908,-2.3123999999999985,1.4654528227129744,-0.47617712285000446,False,False,False,Normal
C0961,L10,9.892,10.58,11.23,12.963,Normal,Normal,0.6880000000000006,6.955115244642142,0.6500000000000004,1.7329999999999988,3.071,9.99168,-0.0996800000000011,6.143667296786393,-3.3603999999999985,1.265243258097795,-0.4723622930904403,False,False,False,Normal
C0962,L10,9.633,11.365,16.42,22.4,Gradual_Degradation,Anomaly,1.732000000000001,17.979860894840666,5.0550000000000015,5.979999999999997,12.767,9.99168,-0.3586800000000014,44.47866256049275,1.8296000000000028,22.928296651449173,10.36178954446864,True,True,True,Anomaly
C0963,L10,10.721,11.118,11.767,13.677,Normal,Normal,0.3970000000000002,3.7030127786587097,0.6489999999999991,1.91,2.9559999999999995,9.99168,0.7293199999999995,5.8373808238891804,-2.8233999999999995,2.052768296396506,-0.4251214284723688,False,False,False,Normal
C0964,L10,9.88,10.382,11.246,12.936,Normal,Normal,0.5019999999999989,5.080971659919017,0.8640000000000008,1.6899999999999995,3.055999999999999,9.99168,-0.1116799999999997,8.322095935272595,-3.3443999999999985,0.7893629428433696,-0.5254802928714604,False,False,False,Normal
C0965,L10,9.556,11.865,15.78,24.195,Gradual_Degradation,Anomaly,2.309000000000001,24.162829635830903,3.914999999999999,8.415000000000001,14.639,9.99168,-0.4356800000000014,32.99620733249051,1.1896000000000004,21.764765813673176,6.808139084560564,True,True,True,Anomaly
C0966,L10,10.32,11.794,15.558,23.018,Gradual_Degradation,Anomaly,1.4740000000000002,14.28294573643411,3.7639999999999993,7.460000000000001,12.698,9.99168,0.3283199999999997,31.914532813294887,0.9676000000000009,19.927417310073906,6.275854454317707,True,True,True,Anomaly
C0967,L10,10.193,10.861,11.427,12.403,Normal,Normal,0.668000000000001,6.553517119591887,0.565999999999999,0.9760000000000008,2.210000000000001,9.99168,0.201319999999999,5.211306509529499,-3.1633999999999993,1.807105238873517,-0.44616201319873494,False,False,False,Normal
C0968,L10,9.268,17.582,25.548,33.883,Latent_Defect,Anomaly,8.314,89.70651704790677,7.9659999999999975,8.335000000000004,24.615,9.99168,-0.7236799999999999,45.307701057900104,10.9576,151.0693749712011,24.61265611892689,True,True,True,Anomaly
C0969,L10,10.407,12.458,18.857,26.467,Gradual_Degradation,Anomaly,2.051,19.707888920918613,6.398999999999999,7.609999999999999,16.06,9.99168,0.4153199999999994,51.36458500561887,4.2666,52.049642742286984,15.120662100570975,True,True,True,Anomaly
C0970,L10,9.883,10.911,11.426,12.334,Normal,Normal,1.0280000000000005,10.40169988869777,0.5150000000000006,0.9079999999999996,2.4510000000000005,9.99168,-0.1086800000000014,4.72000733205023,-3.1643999999999988,2.0843504199603617,-0.3965573172719532,False,False,False,Normal
C0971,L10,9.876,17.502,33.933,49.047,Latent_Defect,Anomaly,7.625999999999999,77.21749696233293,16.431,15.113999999999995,39.171,9.99168,-0.1156800000000011,93.88069934864588,19.3426,350.5073695313551,47.65390361952028,True,True,True,Anomaly
C0972,L10,9.463,9.987,11.061,11.74,Normal,Normal,0.5240000000000009,5.537356018176064,1.0739999999999998,0.6790000000000003,2.277000000000001,9.99168,-0.5286800000000014,10.753980174226493,-3.529399999999999,1.1583898465473903,-0.512059221672612,False,False,False,Normal
C0973,L10,10.741,11.184,12.087,12.624,Normal,Normal,0.4429999999999996,4.124383204543335,0.9030000000000005,0.5370000000000008,1.883000000000001,9.99168,0.7493199999999991,8.074034334763953,-2.503399999999999,1.4507347167770406,-0.4710383772516318,False,False,False,Normal
C0974,L10,10.099,10.679,11.422,12.436,Normal,Normal,0.5800000000000001,5.743142885434202,0.7430000000000003,1.0139999999999991,2.337,9.99168,0.1073199999999996,6.9575802977806935,-3.1683999999999983,1.034297138979214,-0.49866386508796934,False,False,False,Normal
C0975,L10,10.326,10.5,11.122,12.415,Normal,Normal,0.1739999999999995,1.6850668216153348,0.6219999999999999,1.2929999999999993,2.088999999999998,9.99168,0.3343199999999999,5.923809523809523,-3.468399999999999,1.3591297267587823,-0.46630028933534406,False,False,False,Normal
C0976,L10,10.466,11.112,12.37,13.471,Normal,Normal,0.6460000000000008,6.1723676667303735,1.2579999999999991,1.1010000000000009,3.005000000000001,9.99168,0.4743199999999987,11.321094312454996,-2.2203999999999997,1.7786813866931908,-0.5025768281895224,False,False,False,Normal
C0977,L10,9.884,10.269,11.538,12.99,Normal,Normal,0.3849999999999998,3.895184135977335,1.2690000000000001,1.452,3.106,9.99168,-0.1076800000000002,12.357581069237513,-3.0523999999999987,1.1608322322322149,-0.5010627822416905,False,False,False,Normal
C0978,L10,9.663,10.014,10.581,11.388,Normal,Normal,0.3509999999999991,3.632412294318525,0.5670000000000002,0.8070000000000004,1.7249999999999996,9.99168,-0.3286800000000003,5.662073097663273,-4.009399999999999,2.212996399776741,-0.499065591472984,False,False,False,Normal
C0979,L10,9.959,10.507,11.419,12.527,Normal,Normal,0.548,5.502560498041973,0.9120000000000008,1.1079999999999988,2.568,9.99168,-0.0326800000000009,8.679927667269448,-3.1713999999999984,0.63458860713217,-0.5257202531640475,False,False,False,Normal
C0980,L10,10.217,10.615,11.653,12.465,Normal,Normal,0.3979999999999997,3.895468337085247,1.0380000000000003,0.8119999999999994,2.248,9.99168,0.2253199999999999,9.778615167216206,-2.9373999999999985,0.638810849796206,-0.5192247310934709,False,False,False,Normal
C0981,L10,9.504,10.925,15.607,24.85,Gradual_Degradation,Anomaly,1.4210000000000012,14.95159932659934,4.681999999999999,9.243000000000002,15.346000000000002,9.99168,-0.487680000000001,42.85583524027458,1.0166000000000004,15.292966919196964,8.968422193110898,True,True,True,Anomaly
C0982,L10,9.938,12.174,17.938,25.899,Gradual_Degradation,Anomaly,2.235999999999999,22.49949688066008,5.763999999999999,7.961000000000002,15.961,9.99168,-0.0536799999999999,47.346804665680956,3.3476,41.10106674176742,12.981834090811194,True,True,True,Anomaly
C0983,L10,9.696,11.933,16.562,25.331,Gradual_Degradation,Anomaly,2.237,23.0713696369637,4.629000000000001,8.768999999999998,15.635,9.99168,-0.2956800000000008,38.79158635716083,1.9716000000000022,28.058104369326628,9.179661739379899,True,True,True,Anomaly
C0984,L10,10.063,10.328,11.545,12.589,Normal,Normal,0.2649999999999988,2.6334095200238377,1.2170000000000005,1.0440000000000005,2.526,9.99168,0.07132,11.783501161890014,-3.045399999999999,0.9815895293411084,-0.49697636585491844,False,False,False,Normal
C0985,L10,10.504,11.107,11.497,13.342,Normal,Normal,0.6029999999999998,5.740670220868239,0.39000000000000057,1.8450000000000009,2.838000000000001,9.99168,0.512319999999999,3.5112991806968634,-3.093399999999999,3.084247593112963,-0.30773226791992525,False,False,False,Normal
C0986,L10,9.605,10.105,11.582,12.59,Normal,Normal,0.5,5.205622071837585,1.4770000000000003,1.0079999999999991,2.9849999999999994,9.99168,-0.3866800000000001,14.616526472043546,-3.008399999999998,2.0476923985733095,-0.45636472317599064,False,False,False,Normal
C0987,L10,9.406,9.896,10.936,11.889,Normal,Normal,0.4900000000000002,5.209440782479271,1.0399999999999991,0.9529999999999994,2.4829999999999988,9.99168,-0.58568,10.509296685529497,-3.654399999999999,1.2887995779551127,-0.512113154969416,False,False,False,Normal
C0988,L10,9.458,16.816,27.234,41.302,Latent_Defect,Anomaly,7.357999999999999,77.79657432861069,10.418000000000003,14.067999999999998,31.844,9.99168,-0.5336800000000004,61.952901998097076,12.643600000000003,197.23571166141497,30.69311166701501,True,True,True,Anomaly
C0989,L10,9.317,11.598,14.118,22.247,Gradual_Degradation,Anomaly,2.2810000000000006,24.48212944080713,2.5199999999999996,8.129,12.93,9.99168,-0.6746800000000004,21.727884117951366,-0.4723999999999986,9.912038424680764,2.3390644209306557,True,True,True,Anomaly
C0990,L10,9.723,10.299,11.039,12.078,Normal,Normal,0.5759999999999987,5.924097500771353,0.7400000000000002,1.0389999999999997,2.354999999999998,9.99168,-0.2686799999999998,7.185163608117295,-3.5513999999999992,1.1828452360529538,-0.5005005000647713,False,False,False,Normal
C0991,L10,10.552,11.001,27.17,31.8,Sudden_Degradation,Anomaly,0.4489999999999998,4.255117513267626,16.169000000000004,4.629999999999999,21.248,9.99168,0.560319999999999,146.97754749568224,12.579600000000003,66.1467127622144,47.63492030150464,True,True,True,Anomaly
C0992,L10,10.196,10.564,11.115,12.627,Normal,Normal,0.3680000000000003,3.609258532757948,0.5510000000000002,1.5120000000000005,2.431000000000001,9.99168,0.2043199999999991,5.215827338129498,-3.4753999999999987,1.5682698786110554,-0.36417653156595686,False,False,False,Normal
C0993,L10,9.667,10.312,11.546,12.159,Normal,Normal,0.6449999999999996,6.672183717802831,1.234,0.6130000000000013,2.492000000000001,9.99168,-0.3246800000000007,11.966640806826998,-3.0443999999999996,1.034728610274494,-0.5019345646338949,False,False,False,Normal
C0994,L10,10.131,10.835,11.48,12.379,Normal,Normal,0.7040000000000006,6.9489685124864335,0.6449999999999996,0.8989999999999991,2.248,9.99168,0.1393199999999996,5.952930318412548,-3.1103999999999985,1.499023206295626,-0.46869476406267774,False,False,False,Normal
C0995,L10,10.515,11.174,12.582,13.593,Normal,Normal,0.6589999999999989,6.267237280076071,1.4080000000000013,1.0109999999999992,3.0779999999999994,9.99168,0.52332,12.600680150349037,-2.008399999999998,2.4469737800186664,-0.4413702149903982,False,False,False,Normal
C0996,L10,10.011,17.749,25.108,40.674,Latent_Defect,Anomaly,7.737999999999999,77.29497552692038,7.359000000000002,15.566,30.663,9.99168,0.0193199999999986,41.46149078821343,10.517600000000002,138.13647353428595,23.12721896505968,True,True,True,Anomaly
C0997,L10,9.988,10.728,12.091,13.077,Normal,Normal,0.7400000000000002,7.408890668802566,1.3629999999999995,0.9860000000000008,3.0890000000000004,9.99168,-0.003680000000001,12.705070842654731,-2.4993999999999996,1.5773126937511386,-0.5017877901999391,False,False,False,Normal
C0998,L10,9.83,10.564,12.39,13.268,Normal,Normal,0.734,7.466937945066124,1.8260000000000005,0.8780000000000001,3.4380000000000006,9.99168,-0.1616800000000005,17.285119273002657,-2.2003999999999984,2.910909969485309,-0.07303588830156382,False,False,False,Normal
C0999,L10,10.365,10.735,11.515,12.392,Normal,Normal,0.3699999999999992,3.5697057404727373,0.7800000000000011,0.8769999999999989,2.0269999999999992,9.99168,0.3733199999999996,7.265952491849102,-3.0753999999999984,0.9810609320989478,-0.4812236266835819,False,False,False,Normal
C1000,L10,9.558,9.954,11.099,11.32,Normal,Normal,0.3960000000000008,4.143126177024491,1.1449999999999996,0.221,1.7620000000000005,9.99168,-0.4336800000000007,11.502913401647575,-3.4913999999999987,1.3266733881304114,-0.5100202118025721,False,False,False,Normal
