Component_ID,Lot_ID,Component_Type,Ground_Truth,Predicted_Anomaly,Mahalanobis_Distance,LOF_Score,Predicted_Anomaly_96h,Mahalanobis_96h,LOF_96h,Anomaly_Status,Value_0h,Value_24h,Predicted_168h,Prediction_Error,Absolute_Error,Predicted_Drift_0_168,Predicted_Slope,Risk_Ratio,QA_Decision,QA_Reason
C0801,L09,Normal,Normal,Normal,2.3171819374963736,-0.5000329029626285,Normal,2.1290046785872203,-0.4189982325103569,NORMAL,9.693,10.051,12.457258,0.6177417755126946,0.6177417755126946,2.764258,0.016453916666666665,0.8089485236018847,PASS,Component behaviour remains within expected limits
C0802,L09,Gradual_Degradation,Anomaly,Anomaly,15.421218363589432,8.775000865090904,Anomaly,31.93092202803696,9.967565640476142,ANOMALY,9.507,12.069,24.702904,-1.1869037475585955,1.1869037475585955,15.195904,0.09045180952380953,4.447017646542391,REJECT,Anomalous behaviour detected during burn-in screening; Predicted degradation exceeds normal safety slope
C0803,L09,Normal,Normal,Normal,2.1978469593944685,-0.4854041026555111,Normal,1.4245021701575526,-0.4417622958757794,NORMAL,9.738,10.336,13.241349,-0.6833492202758791,0.6833492202758791,3.503349,0.02085326785714286,1.025240408533552,EXTENDED_SCREENING,Predicted degradation exceeds normal safety slope
C0804,L09,Normal,Normal,Normal,3.088832313550136,-0.432275995655152,Normal,2.202748528864414,-0.4653126600014536,NORMAL,9.445,10.174,12.117409,-0.1254087524414053,0.1254087524414053,2.672409,0.01590719642857143,0.7820692985279918,PASS,Component behaviour remains within expected limits
C0805,L09,Normal,Normal,Normal,2.214697239134515,-0.4759168401256894,Normal,1.6971870522076893,-0.4661697284000576,NORMAL,9.638,10.099,14.8348,-3.0027997665405266,3.0027997665405266,5.1968,0.03093333333333333,1.520821749436657,EXTENDED_SCREENING,Predicted degradation exceeds normal safety slope
C0806,L09,Normal,Normal,Normal,2.367120058790994,-0.4864432576144883,Normal,1.733407706200805,-0.4633109140330993,NORMAL,9.469,9.96,12.778397,-0.0603966064453125,0.0603966064453125,3.3093970000000006,0.01969879166666667,0.9684811682420769,MONITOR,Predicted degradation is close to safety boundary
C0807,L09,Normal,Normal,Normal,2.232271167275153,-0.5251804778059428,Normal,1.4624146320535931,-0.4414181510932182,NORMAL,10.07,10.769,14.086511,-1.6305106582641606,1.6305106582641606,4.0165109999999995,0.02390780357142857,1.1754151180825847,EXTENDED_SCREENING,Predicted degradation exceeds normal safety slope
C0808,L09,Normal,Normal,Normal,2.133117044505988,-0.4994299831657383,Normal,1.507327267883563,-0.4897163673329801,NORMAL,9.877,10.496,12.786652,-0.0356516113281255,0.0356516113281255,2.9096519999999995,0.01731935714285714,0.8514974686137368,MONITOR,Predicted degradation is close to safety boundary
C0809,L09,Normal,Normal,Normal,2.207091990592881,-0.4928262880726712,Normal,1.6416549098206288,-0.4579109418227383,NORMAL,10.475,11.024,14.649051,-2.3650507125854485,2.3650507125854485,4.174051,0.02484554166666667,1.2215185391121128,EXTENDED_SCREENING,Predicted degradation exceeds normal safety slope
C0810,L09,Sudden_Degradation,Anomaly,Normal,2.3673095214751068,-0.4970670285406575,Anomaly,36.9460199130098,31.39958047730132,ANOMALY,10.372,10.705,13.147485,12.98051522064209,12.98051522064209,2.7754849999999998,0.016520744047619045,0.812234058119458,REJECT,Anomalous behaviour detected during burn-in screening
C0811,L09,Normal,Normal,Normal,2.0872089755882515,-0.4934266863379191,Normal,1.553719432161467,-0.4446307042416109,NORMAL,9.968,10.575,13.228662,-0.5446615371704109,0.5446615371704109,3.260662,0.01940870238095238,0.9542190746539464,MONITOR,Predicted degradation is close to safety boundary
C0812,L09,Gradual_Degradation,Anomaly,Anomaly,14.734330649789303,6.056346230558987,Anomaly,36.82277489483899,9.010450815378189,ANOMALY,10.757,12.916,26.155094,-2.787094146728517,2.787094146728517,15.398093999999999,0.09165532142857143,4.5061877030230315,REJECT,Anomalous behaviour detected during burn-in screening; Predicted degradation exceeds normal safety slope
C0813,L09,Gradual_Degradation,Anomaly,Anomaly,10.322819681115051,7.812673900290049,Anomaly,35.96684219013375,10.811373494500415,ANOMALY,9.803,12.204,24.186352,1.7166482238769518,1.7166482238769518,14.383351999999999,0.08561519047619047,4.209227707705365,REJECT,Anomalous behaviour detected during burn-in screening; Predicted degradation exceeds normal safety slope
C0814,L09,Gradual_Degradation,Anomaly,Anomaly,11.150808903397378,6.346147443424142,Anomaly,36.0244442308507,9.293272400382804,ANOMALY,10.392,12.641,25.553368,-0.4873676147460948,0.4873676147460948,15.161368,0.09024623809523809,4.436910830821457,REJECT,Anomalous behaviour detected during burn-in screening; Predicted degradation exceeds normal safety slope
C0815,L09,Normal,Normal,Normal,3.249505181211065,-0.2880287700987201,Normal,2.0560842696708903,-0.3922605370695426,NORMAL,10.835,11.146,18.932074,-5.492073593139649,5.492073593139649,8.097074,0.048196869047619044,2.3695747856369436,EXTENDED_SCREENING,Predicted degradation exceeds normal safety slope
C0816,L09,Gradual_Degradation,Anomaly,Anomaly,13.962936906651889,6.493856385668529,Anomaly,18.9968163416242,6.436172806883451,ANOMALY,9.432,11.627,24.246984,-0.5329844818115248,0.5329844818115248,14.814984,0.08818442857142858,4.335543004301894,REJECT,Anomalous behaviour detected during burn-in screening; Predicted degradation exceeds normal safety slope
C0817,L09,Normal,Normal,Normal,2.539230299689465,-0.4715691622160789,Normal,1.708704241526264,-0.4460728438242749,NORMAL,10.505,10.836,13.023406,-1.4884060287475585,1.4884060287475585,2.518405999999999,0.014990511904761897,0.7370009657311752,PASS,Component behaviour remains within expected limits
C0818,L09,Gradual_Degradation,Anomaly,Anomaly,9.379503352066036,7.404827066499497,Anomaly,34.97431875205589,9.648868987609628,ANOMALY,10.03,12.41,25.628258,-2.107257751464843,2.107257751464843,15.598258,0.0928467738095238,4.564764859091042,REJECT,Anomalous behaviour detected during burn-in screening; Predicted degradation exceeds normal safety slope
C0819,L09,Normal,Normal,Normal,2.094915870916552,-0.507629906335249,Normal,1.5897919587719411,-0.4240834639555286,NORMAL,9.869,10.301,16.789698,-4.737697647094727,4.737697647094727,6.920698000000002,0.04119463095238096,2.0253132773404356,EXTENDED_SCREENING,Predicted degradation exceeds normal safety slope
C0820,L09,Normal,Normal,Normal,2.338635549546237,-0.4772800796986998,Normal,1.7046429385354491,-0.4859012080525526,NORMAL,10.091,10.834,16.991476,-3.34547605895996,3.34547605895996,6.900475999999999,0.0410742619047619,2.0193953937549383,EXTENDED_SCREENING,Predicted degradation exceeds normal safety slope
C0821,L09,Latent_Defect,Anomaly,Anomaly,47.97778249537569,39.22715261684738,Anomaly,164.8894492718465,26.013581309998035,ANOMALY,10.444,18.205,42.92162,-0.7096194152831998,0.7096194152831998,32.477619999999995,0.19331916666666663,9.50443943694946,REJECT,Anomalous behaviour detected during burn-in screening; Predicted degradation exceeds normal safety slope
C0822,L09,Sudden_Degradation,Anomaly,Normal,2.1579006043676454,-0.4698743329096295,Anomaly,47.50152448484116,42.19674418854806,ANOMALY,9.714,10.254,12.083056,16.698943550109863,16.698943550109863,2.3690559999999987,0.014101523809523802,0.6932943138918963,REJECT,Anomalous behaviour detected during burn-in screening
C0823,L09,Normal,Normal,Normal,2.3990467860745666,-0.4455140131045003,Normal,2.187128987985917,-0.4712278618047905,NORMAL,10.19,10.936,14.067996,-0.8179960250854492,0.8179960250854492,3.8779960000000013,0.02308330952380953,1.1348792836030557,EXTENDED_SCREENING,Predicted degradation exceeds normal safety slope
C0824,L09,Normal,Normal,Normal,2.2152168654650435,-0.507399074229642,Normal,1.6446504486322688,-0.4953323841849972,NORMAL,10.427,10.853,15.179792,-1.994792404174804,1.994792404174804,4.752792000000001,0.028290428571428577,1.390884668285974,EXTENDED_SCREENING,Predicted degradation exceeds normal safety slope
C0825,L09,Normal,Normal,Normal,2.462673605372907,-0.3452720197990404,Normal,1.5712235566399977,-0.4696092755158063,NORMAL,9.86,10.104,13.668375,-0.7343750152587898,0.7343750152587898,3.808375,0.02266889880952381,1.114504989611074,EXTENDED_SCREENING,Predicted degradation exceeds normal safety slope
C0826,L09,Normal,Normal,Normal,2.629771995181766,-0.4922299766563338,Normal,1.6318120771362552,-0.4724383445913207,NORMAL,9.416,10.02,12.384983,-0.4879830627441404,0.4879830627441404,2.9689829999999997,0.017672517857142855,0.8688604372128413,MONITOR,Predicted degradation is close to safety boundary
C0827,L09,Normal,Normal,Normal,2.269363906300972,-0.4844694506625313,Normal,1.922079962164143,-0.436734607315296,NORMAL,10.558,11.096,12.471399,0.7676006927490242,0.7676006927490242,1.913399,0.011389279761904762,0.5599482016914928,PASS,Component behaviour remains within expected limits
C0828,L09,Normal,Normal,Normal,2.0370996916847246,-0.5124097452455111,Normal,1.474435521610132,-0.5037845578950433,NORMAL,10.167,10.701,13.065349,-0.4023486251831052,0.4023486251831052,2.8983489999999996,0.01725207738095238,0.8481896930145445,PASS,Component behaviour remains within expected limits
C0829,L09,Normal,Normal,Normal,2.8267624879789404,-0.4427296207860411,Normal,1.8853737655238887,-0.4723894521610507,NORMAL,10.156,10.278,12.77474,-0.7037402191162112,0.7037402191162112,2.618739999999999,0.015587738095238089,0.7663632905094961,PASS,Component behaviour remains within expected limits
C0830,L09,Latent_Defect,Anomaly,Anomaly,43.16262646118973,25.592969445030445,Anomaly,235.04026098887925,35.977892314999494,ANOMALY,10.729,16.233,38.26599,5.061008789062498,5.061008789062498,27.536990000000003,0.16391065476190478,8.058584764859093,REJECT,Anomalous behaviour detected during burn-in screening; Predicted degradation exceeds normal safety slope
C0831,L09,Normal,Normal,Normal,2.5919379801723474,-0.421094608243397,Normal,2.281950220590825,-0.4413856021878943,NORMAL,10.253,11.043,12.634881,1.3461189804077147,1.3461189804077147,2.381881,0.014177863095238094,0.6970474964150889,PASS,Component behaviour remains within expected limits
C0832,L09,Normal,Normal,Normal,3.239792750964272,-0.1029314011622006,Normal,1.5372541640650554,-0.5140641139408236,NORMAL,9.875,10.876,14.268244,-2.152243789672852,2.152243789672852,4.393243999999999,0.026150261904761902,1.2856644523133651,EXTENDED_SCREENING,Predicted degradation exceeds normal safety slope
C0833,L09,Normal,Normal,Normal,2.165111182580864,-0.4965000118718379,Normal,1.3593692997657896,-0.4751945095679013,NORMAL,10.277,10.667,13.784622,-1.4866221923828125,1.4866221923828125,3.5076220000000013,0.02087870238095239,1.026490884082995,EXTENDED_SCREENING,Predicted degradation exceeds normal safety slope
C0834,L09,Normal,Normal,Normal,3.3566608472086035,-0.3756995052250289,Normal,2.347496649493846,-0.3671145746825541,NORMAL,9.62,10.506,14.319491,-2.105491386413574,2.105491386413574,4.699491,0.027973160714285714,1.3752863539258438,EXTENDED_SCREENING,Predicted degradation exceeds normal safety slope
C0835,L09,Gradual_Degradation,Anomaly,Anomaly,20.690064196015296,6.177472789004796,Anomaly,17.203889331105497,9.823444127987996,ANOMALY,8.967,10.979,25.552752,-2.1437515411376964,2.1437515411376964,16.585752,0.09872471428571428,4.853750841356706,REJECT,Anomalous behaviour detected during burn-in screening; Predicted degradation exceeds normal safety slope
C0836,L09,Normal,Normal,Normal,2.0966184788865907,-0.4770290076230352,Normal,2.3785712571387827,-0.3578295577301573,NORMAL,10.298,10.752,17.196367,-3.807367263793946,3.807367263793946,6.898366999999999,0.04106170833333332,2.018778203740013,EXTENDED_SCREENING,Predicted degradation exceeds normal safety slope
C0837,L09,Latent_Defect,Anomaly,Anomaly,44.32416679729484,35.90894474632773,Anomaly,330.2545585573784,47.584267283034784,ANOMALY,9.568,16.537,42.019955,6.053045318603516,6.053045318603516,32.451955000000005,0.19316639880952385,9.496928682215918,REJECT,Anomalous behaviour detected during burn-in screening; Predicted degradation exceeds normal safety slope
C0838,L09,Normal,Normal,Normal,2.591993579443047,-0.4152427453473126,Normal,1.6423638771603797,-0.4381084110397066,NORMAL,9.95,10.131,14.244383,-2.006382858276368,2.006382858276368,4.294383,0.025561803571428572,1.2567331948143163,EXTENDED_SCREENING,Predicted degradation exceeds normal safety slope
C0839,L09,Gradual_Degradation,Anomaly,Anomaly,4.973574092655848,1.8181351229504323,Anomaly,24.451319156403542,10.429006853707005,ANOMALY,10.011,11.449,23.470835,0.3981652679443357,0.3981652679443357,13.459835000000002,0.08011806547619049,3.9389643264756677,REJECT,Anomalous behaviour detected during burn-in screening; Predicted degradation exceeds normal safety slope
C0840,L09,Normal,Normal,Normal,2.3262932729654704,-0.5057617379321535,Normal,1.7620714511027682,-0.3988961784978717,NORMAL,10.589,11.046,13.821042,-0.9650420608520508,0.9650420608520508,3.232042,0.01923834523809524,0.9458435515495597,MONITOR,Predicted degradation is close to safety boundary
C0841,L09,Normal,Normal,Anomaly,4.655164994155861,-0.1256633010830607,Normal,2.856388058522383,-0.3934788876589283,EARLY_WARNING,11.085,11.3,13.385581,-0.9045810165405276,0.9045810165405276,2.3005809999999993,0.01369393452380952,0.6732553919990634,EXTENDED_SCREENING,Early anomaly warning detected at 24h
C0842,L09,Normal,Normal,Normal,2.237772302343366,-0.4033813092811285,Normal,2.2547417023463114,-0.4413245914873835,NORMAL,9.862,10.199,12.272841,0.7261585464477545,0.7261585464477545,2.4108409999999996,0.014350244047619046,0.7055225190951392,PASS,Component behaviour remains within expected limits
C0843,L09,Normal,Normal,Normal,2.8653333807012653,-0.4531364798404422,Normal,2.2423317069418,-0.3624519736428087,NORMAL,10.431,10.648,14.354565,-1.2655646667480465,1.2655646667480465,3.923565,0.02335455357142857,1.1482148605542712,EXTENDED_SCREENING,Predicted degradation exceeds normal safety slope
C0844,L09,Sudden_Degradation,Anomaly,Normal,2.8034707240316368,-0.4881547075962678,Anomaly,74.00799712058424,45.2781554221693,ANOMALY,9.518,9.787,12.482556,16.571443656921385,16.571443656921385,2.964556,0.017646166666666668,0.8675648942085395,REJECT,Anomalous behaviour detected during burn-in screening; Predicted degradation is close to safety boundary
C0845,L09,Normal,Normal,Normal,2.152638740692349,-0.4987449512610018,Normal,1.5791303013210958,-0.473233547867812,NORMAL,10.102,10.756,12.481266,-0.4492660217285156,0.4492660217285156,2.3792659999999994,0.014162297619047616,0.6962822276199115,PASS,Component behaviour remains within expected limits
C0846,L09,Normal,Normal,Normal,2.3059780516043804,-0.4970356930004485,Normal,1.4426123932053263,-0.4770908006818388,NORMAL,10.096,10.825,18.118238,-5.167238449096679,5.167238449096679,8.022238000000002,0.04775141666666668,2.34767434374177,EXTENDED_SCREENING,Predicted degradation exceeds normal safety slope
C0847,L09,Normal,Normal,Normal,2.2249772072309337,-0.4532030561584075,Normal,1.487566775845813,-0.4331293960661724,NORMAL,9.631,10.167,13.773915,-1.28591529083252,1.28591529083252,4.142915,0.024660208333333336,1.2124067191478156,EXTENDED_SCREENING,Predicted degradation exceeds normal safety slope
C0848,L09,Gradual_Degradation,Anomaly,Anomaly,5.822871280025247,2.7483691616050683,Anomaly,33.04452020775972,12.737569682427637,ANOMALY,10.11,11.706,25.263065,-0.0240653381347648,0.0240653381347648,15.153065000000002,0.09019681547619049,4.434480992654591,REJECT,Anomalous behaviour detected during burn-in screening; Predicted degradation exceeds normal safety slope
C0849,L09,Normal,Normal,Normal,2.1415607926622178,-0.4897591919331718,Normal,1.5771406384082798,-0.4147413855853701,NORMAL,10.375,10.931,12.918214,-0.4132138442993156,0.4132138442993156,2.5432140000000008,0.015138178571428577,0.7442609230048876,PASS,Component behaviour remains within expected limits
C0850,L09,Normal,Normal,Normal,2.5241476958256874,-0.3933586232943611,Normal,1.926295850166744,-0.4368388595790415,NORMAL,10.382,11.107,16.40061,-3.4036099700927736,3.4036099700927736,6.018610000000001,0.03582505952380953,1.7613210031898399,EXTENDED_SCREENING,Predicted degradation exceeds normal safety slope
C0851,L09,Normal,Normal,Normal,2.657834296220916,-0.4463724488249425,Normal,2.027959423981621,-0.3232008359836715,NORMAL,9.231,9.702,11.215711,0.3602893600463872,0.3602893600463872,1.9847110000000008,0.011813755952380958,0.5808173597494956,PASS,Component behaviour remains within expected limits
C0852,L09,Latent_Defect,Anomaly,Anomaly,52.69592135291122,36.70981460571969,Anomaly,205.3713077378337,32.47123206904041,ANOMALY,9.413,16.309,41.443344,-0.5223441162109381,0.5223441162109381,32.030344,0.19065680952380953,9.373545989289164,REJECT,Anomalous behaviour detected during burn-in screening; Predicted degradation exceeds normal safety slope
C0853,L09,Normal,Normal,Normal,2.2503098635056773,-0.4918739339068421,Normal,1.390380697773021,-0.5039191545740274,NORMAL,10.317,10.677,12.703326,-0.1153262252807625,0.1153262252807625,2.3863260000000004,0.01420432142857143,0.6983483070439849,PASS,Component behaviour remains within expected limits
C0854,L09,Gradual_Degradation,Anomaly,Anomaly,6.631310303943968,3.9548562907959104,Anomaly,33.56006387494126,12.480351170094623,ANOMALY,9.971,11.769,24.392828,1.143172012329103,1.143172012329103,14.421828000000001,0.08584421428571429,4.220487547920752,REJECT,Anomalous behaviour detected during burn-in screening; Predicted degradation exceeds normal safety slope
C0855,L09,Normal,Normal,Normal,2.3656835719222835,-0.5136402007334471,Normal,1.6211338858865982,-0.504351303940985,NORMAL,10.57,10.992,14.002366,-0.7933660659790043,0.7933660659790043,3.432366,0.02043075,1.0044675309472946,EXTENDED_SCREENING,Predicted degradation exceeds normal safety slope
C0856,L09,Normal,Normal,Normal,2.079817995512089,-0.4650391284428194,Normal,2.025515015866298,-0.4873850373405088,NORMAL,10.279,10.744,13.719031,-1.01703133392334,1.01703133392334,3.4400309999999994,0.020476374999999998,1.0067106610868866,EXTENDED_SCREENING,Predicted degradation exceeds normal safety slope
C0857,L09,Gradual_Degradation,Anomaly,Anomaly,7.524651493086428,3.461139337499171,Anomaly,31.759845635920662,9.934649262449678,ANOMALY,10.298,12.062,26.305658,-1.9976583404541015,1.9976583404541015,16.007658,0.09528367857142857,4.684574054022417,REJECT,Anomalous behaviour detected during burn-in screening; Predicted degradation exceeds normal safety slope
C0858,L09,Latent_Defect,Anomaly,Anomaly,39.75893278703703,30.20422758068319,Anomaly,252.4691784212538,40.79600340180035,ANOMALY,9.51,15.42,38.284283,7.610717315673831,7.610717315673831,28.774283000000004,0.17127549404761908,8.420673378010596,REJECT,Anomalous behaviour detected during burn-in screening; Predicted degradation exceeds normal safety slope
C0859,L09,Gradual_Degradation,Anomaly,Anomaly,8.039113379211651,5.799861073854084,Anomaly,39.95074024062509,13.09651315925007,ANOMALY,9.969,12.066,24.742443,0.980556915283202,0.980556915283202,14.773443000000002,0.08793716071428573,4.323386204676481,REJECT,Anomalous behaviour detected during burn-in screening; Predicted degradation exceeds normal safety slope
C0860,L09,Gradual_Degradation,Anomaly,Anomaly,6.884796529344557,2.6884071343886893,Anomaly,26.99379393168972,14.27618018430609,ANOMALY,9.662,11.224,23.840103,0.1008968505859364,0.1008968505859364,14.178102999999998,0.08439347023809522,4.149162447689561,REJECT,Anomalous behaviour detected during burn-in screening; Predicted degradation exceeds normal safety slope
C0861,L09,Normal,Normal,Normal,2.6936373094061743,-0.3803991640411426,Normal,1.9097661881594927,-0.4154914843105541,NORMAL,10.815,11.24,24.714125,-11.64612467956543,11.64612467956543,13.899125,0.08273288690476191,4.0675207046911135,EXTENDED_SCREENING,Predicted degradation exceeds normal safety slope
C0862,L09,Normal,Normal,Normal,2.48739663155974,-0.4978579919162356,Normal,2.046346245148788,-0.4306580363857688,NORMAL,9.364,9.845,11.486495,0.1205049819946282,0.1205049819946282,2.122494999999999,0.012633898809523803,0.6211392701413477,PASS,Component behaviour remains within expected limits
C0863,L09,Normal,Normal,Normal,2.203946748352013,-0.4918819354893986,Normal,2.8318286378308803,-0.3118640004600006,NORMAL,10.479,11.02,14.045122,-0.1191221466064451,0.1191221466064451,3.566122,0.021226916666666668,1.043610664013345,EXTENDED_SCREENING,Predicted degradation exceeds normal safety slope
C0864,L09,Normal,Normal,Normal,2.9960990252727973,-0.2933963561956716,Normal,1.8948143340239425,-0.3705954957032387,NORMAL,10.849,11.213,14.962115,-1.8211152877807617,1.8211152877807617,4.1131150000000005,0.024482827380952383,1.2036858739867142,EXTENDED_SCREENING,Predicted degradation exceeds normal safety slope
C0865,L09,Normal,Normal,Normal,2.856792510568969,-0.4967477792324808,Normal,1.9746365115915416,-0.3908861260975751,NORMAL,10.535,11.29,14.220394,-0.9013941345214836,0.9013941345214836,3.6853940000000005,0.021936869047619052,1.078515115156127,EXTENDED_SCREENING,Predicted degradation exceeds normal safety slope
C0866,L09,Sudden_Degradation,Anomaly,Normal,3.363019308971756,-0.0785173510560743,Anomaly,66.74414480297726,49.39708772533535,ANOMALY,10.033,9.991,14.042163,18.82483710479736,18.82483710479736,4.009163000000001,0.023864065476190483,1.1732647566650087,REJECT,Anomalous behaviour detected during burn-in screening; Predicted degradation exceeds normal safety slope
C0867,L09,Normal,Normal,Normal,2.059384777108089,-0.5060960274368794,Normal,2.8405299788698506,-0.1743377980176481,NORMAL,10.191,10.753,12.533696,-0.6936961746215822,0.6936961746215822,2.342696,0.013944619047619048,0.685580170319862,PASS,Component behaviour remains within expected limits
C0868,L09,Normal,Normal,Normal,2.221765452891724,-0.448834149705035,Normal,1.8945177694829864,-0.4199442586448838,NORMAL,9.617,10.11,15.952548,-3.632548027038574,3.632548027038574,6.335547999999999,0.03771159523809523,1.8540715811653155,EXTENDED_SCREENING,Predicted degradation exceeds normal safety slope
C0869,L09,Normal,Normal,Normal,2.134057379540521,-0.4883485444509456,Normal,2.299097043701844,-0.2913903055671305,NORMAL,10.263,10.668,13.148109,-0.9941094360351564,0.9941094360351564,2.885109,0.017173267857142856,0.8443150624798806,PASS,Component behaviour remains within expected limits
C0870,L09,Normal,Normal,Normal,2.285646806188804,-0.4979942177993472,Normal,1.6895097586134122,-0.4309016035577744,NORMAL,10.573,11.053,12.979349,-0.1133491363525394,0.1133491363525394,2.4063489999999987,0.014323505952380945,0.7042079541131366,PASS,Component behaviour remains within expected limits
C0871,L09,Normal,Normal,Normal,2.436608766433054,-0.5033757004137065,Normal,1.5721898021110736,-0.406546208073046,NORMAL,10.493,10.851,12.745034,-0.2680342178344723,0.2680342178344723,2.252034,0.013404964285714286,0.6590483158233591,PASS,Component behaviour remains within expected limits
C0872,L09,Normal,Normal,Normal,2.060045260035245,-0.4528547017136204,Normal,1.3731064440185046,-0.484902882764338,NORMAL,10.23,10.695,14.127444,-1.3124442672729495,1.3124442672729495,3.897444,0.02319907142857143,1.1405706593310119,EXTENDED_SCREENING,Predicted degradation exceeds normal safety slope
C0873,L09,Latent_Defect,Anomaly,Anomaly,61.39958616210979,32.25143427204309,Anomaly,200.51586510613697,29.53854130209217,ANOMALY,10.907,17.564,44.523922,-0.9399219665527312,0.9399219665527312,33.616922,0.2001007261904762,9.83785139445729,REJECT,Anomalous behaviour detected during burn-in screening; Predicted degradation exceeds normal safety slope
C0874,L09,Normal,Normal,Normal,2.3264725183885995,-0.3324819651260424,Normal,1.523570531101977,-0.4508943936520821,NORMAL,9.951,10.229,13.1442,-1.0652003250122064,1.0652003250122064,3.193199999999999,0.01900714285714285,0.9344766029674283,MONITOR,Predicted degradation is close to safety boundary
C0875,L09,Normal,Normal,Normal,2.0550717900178386,-0.5024107032192543,Normal,2.2463415398867337,-0.2881324823252069,NORMAL,10.198,10.751,13.509811,-0.2168114013671882,0.2168114013671882,3.3118109999999987,0.019713160714285707,0.9691876152292878,MONITOR,Predicted degradation is close to safety boundary
C0876,L09,Sudden_Degradation,Anomaly,Normal,2.200992870526892,-0.524744446990862,Anomaly,65.42152505382269,51.16004852412605,ANOMALY,10.447,10.896,19.089846,12.434154342651368,12.434154342651368,8.642846000000002,0.05144551190476192,2.5292926750753573,REJECT,Anomalous behaviour detected during burn-in screening; Predicted degradation exceeds normal safety slope
C0877,L09,Normal,Normal,Anomaly,5.3164977174631245,0.8853800300215373,Anomaly,4.830367889852517,0.278294004360426,ANOMALY,8.496,9.11,13.397486,-2.539485733032226,2.539485733032226,4.901486,0.029175511904761905,1.434399344473384,REJECT,Anomalous behaviour detected during burn-in screening; Predicted degradation exceeds normal safety slope
C0878,L09,Latent_Defect,Anomaly,Anomaly,30.319478228687665,26.89652314563524,Anomaly,196.6661619767516,33.56066647606457,ANOMALY,9.662,15.091,34.01932,6.039678558349607,6.039678558349607,24.35732,0.14498404761904762,7.128067659711452,REJECT,Anomalous behaviour detected during burn-in screening; Predicted degradation exceeds normal safety slope
C0879,L09,Normal,Normal,Anomaly,3.7687517849398255,0.0219796189166832,Normal,1.6407489323238764,-0.4688724968617421,EARLY_WARNING,10.247,10.176,14.010805,-2.111805130004884,2.111805130004884,3.7638049999999996,0.02240360119047619,1.1014617658248222,EXTENDED_SCREENING,Early anomaly warning detected at 24h; Predicted degradation exceeds normal safety slope
C0880,L09,Normal,Normal,Normal,2.078476404970621,-0.5104247461533002,Normal,1.34047186730456,-0.5190092628582846,NORMAL,9.92,10.506,13.570595,-0.8275947875976559,0.8275947875976559,3.650595000000001,0.021729732142857148,1.0683313335869602,EXTENDED_SCREENING,Predicted degradation exceeds normal safety slope
C0881,L09,Gradual_Degradation,Anomaly,Anomaly,13.305158336738105,4.221071679813618,Anomaly,59.16478351490576,15.29833135944756,ANOMALY,10.928,12.736,26.270937,3.3360630340576165,3.3360630340576165,15.342937,0.09132700595238094,4.4900462380381025,REJECT,Anomalous behaviour detected during burn-in screening; Predicted degradation exceeds normal safety slope
C0882,L09,Latent_Defect,Anomaly,Anomaly,50.86260300035946,35.22784407956034,Anomaly,216.405331795066,33.77051798341519,ANOMALY,9.412,16.077,41.82429,2.59770877075195,2.59770877075195,32.41229,0.19293029761904762,9.485320886131516,REJECT,Anomalous behaviour detected during burn-in screening; Predicted degradation exceeds normal safety slope
C0883,L09,Normal,Normal,Normal,2.822699688766168,-0.5024243807596498,Normal,1.7492062745915875,-0.4602575415660022,NORMAL,9.313,9.917,11.8397045,0.8952954864501947,0.8952954864501947,2.5267044999999992,0.015039907738095234,0.7394294869918936,PASS,Component behaviour remains within expected limits
C0884,L09,Normal,Normal,Normal,2.581875446720476,-0.4405615380577896,Normal,2.5637832604655286,-0.3609937360696071,NORMAL,10.643,11.021,14.742585,-2.661585182189942,2.661585182189942,4.099584999999999,0.024402291666666662,1.1997263761669252,EXTENDED_SCREENING,Predicted degradation exceeds normal safety slope
C0885,L09,Normal,Normal,Normal,2.5362372882989006,-0.4380634495393829,Normal,1.857231051767548,-0.4522807490785419,NORMAL,10.718,11.148,20.311438,-6.510437606811523,6.510437606811523,9.593437999999999,0.057103797619047617,2.807479441631793,EXTENDED_SCREENING,Predicted degradation exceeds normal safety slope
C0886,L09,Normal,Normal,Normal,2.401948693952522,-0.4908086070806148,Normal,1.533394216712184,-0.5068242920628405,NORMAL,10.537,10.927,16.385082,-4.067082244873047,4.067082244873047,5.848082,0.034810011904761906,1.7114166983699632,EXTENDED_SCREENING,Predicted degradation exceeds normal safety slope
C0887,L09,Normal,Normal,Normal,2.9449850230655947,-0.2752952966760245,Normal,1.6322375555500737,-0.4974937776567771,NORMAL,10.082,11.021,15.820188,-2.5881875686645515,2.5881875686645515,5.738187999999999,0.034155880952380945,1.6792566796406307,EXTENDED_SCREENING,Predicted degradation exceeds normal safety slope
C0888,L09,Normal,Normal,Normal,2.2441977194436005,-0.4987458083393605,Normal,1.992216023896751,-0.4106594207671796,NORMAL,10.529,11.068,13.235686,0.1513136978149418,0.1513136978149418,2.7066859999999995,0.016111226190476186,0.7921003189839336,PASS,Component behaviour remains within expected limits
C0889,L09,Normal,Normal,Normal,2.2266293954783234,-0.4684484854808231,Normal,1.4775700940028695,-0.4475726427267896,NORMAL,9.954,10.277,13.046683,-0.6656833114624021,0.6656833114624021,3.092682999999999,0.018408827380952376,0.9050607240057358,MONITOR,Predicted degradation is close to safety boundary
C0890,L09,Sudden_Degradation,Anomaly,Normal,2.7081863222190257,-0.4688367631781849,Anomaly,67.66698760883031,44.84397019619789,ANOMALY,9.625,9.876,11.968273,18.2807268371582,18.2807268371582,2.343273,0.013948053571428571,0.6857490269526793,REJECT,Anomalous behaviour detected during burn-in screening
C0891,L09,Normal,Normal,Normal,2.8923732964402453,-0.4197506255612848,Normal,1.7256266505224336,-0.4472026223668091,NORMAL,10.145,10.246,14.039456,-1.8714563674926763,1.8714563674926763,3.894456,0.023181285714285713,1.1396962336484153,EXTENDED_SCREENING,Predicted degradation exceeds normal safety slope
C0892,L09,Normal,Normal,Normal,3.4375147887147,-0.3403310463178828,Anomaly,4.622685325221866,-0.0399571769569182,ANOMALY,9.213,9.469,13.885727,-3.0637269287109383,3.0637269287109383,4.672727,0.02781385119047619,1.3674539814462559,REJECT,Anomalous behaviour detected during burn-in screening; Predicted degradation exceeds normal safety slope
C0893,L09,Latent_Defect,Anomaly,Anomaly,32.590984711660816,29.87025932281009,Anomaly,156.4419116712763,26.505137640211966,ANOMALY,9.701,15.734,42.11975,-7.274750976562501,7.274750976562501,32.41875,0.19296875000000002,9.487211378069125,REJECT,Anomalous behaviour detected during burn-in screening; Predicted degradation exceeds normal safety slope
C0894,L09,Normal,Normal,Normal,2.027490761837069,-0.512579161449815,Normal,1.886971091824499,-0.4954289378708478,NORMAL,10.145,10.654,16.736128,-3.3451278533935547,3.3451278533935547,6.591128000000001,0.03923290476190477,1.9288659974832465,EXTENDED_SCREENING,Predicted degradation exceeds normal safety slope
C0895,L09,Normal,Normal,Normal,2.2490095914735933,-0.4657301430954557,Normal,1.5022300954595504,-0.4722674639497948,NORMAL,9.61,10.151,12.521562,-0.5895616226196285,0.5895616226196285,2.911562,0.01733072619047619,0.8520564221123176,MONITOR,Predicted degradation is close to safety boundary
C0896,L09,Gradual_Degradation,Anomaly,Anomaly,12.0967827234054,6.913336271862791,Anomaly,20.986377316050408,6.380037374503161,ANOMALY,9.588,11.861,24.88634,-1.4213391876220705,1.4213391876220705,15.298340000000001,0.09106154761904763,4.4769951128149605,REJECT,Anomalous behaviour detected during burn-in screening; Predicted degradation exceeds normal safety slope
C0897,L09,Normal,Normal,Normal,3.356594357668302,-0.4247356725959796,Normal,1.4578759514974875,-0.3838879431348705,NORMAL,10.603,10.798,12.490847,-0.0798466339111332,0.0798466339111332,1.8878470000000007,0.011237184523809528,0.5524705159345646,PASS,Component behaviour remains within expected limits
C0898,L09,Normal,Normal,Normal,2.3653961800303938,-0.5178597482996266,Normal,2.1219141304858646,-0.4341348695298526,NORMAL,9.627,9.991,13.656373,-1.6753730239868163,1.6753730239868163,4.029373,0.023984363095238093,1.1791791285007756,EXTENDED_SCREENING,Predicted degradation exceeds normal safety slope
C0899,L09,Latent_Defect,Anomaly,Anomaly,43.73365833848388,27.737317691200865,Anomaly,144.22203622912735,25.99489067103135,ANOMALY,9.346,14.748,38.39683,-1.7088315124511697,1.7088315124511697,29.05083,0.17292160714285715,8.50160369904305,REJECT,Anomalous behaviour detected during burn-in screening; Predicted degradation exceeds normal safety slope
C0900,L09,Sudden_Degradation,Anomaly,Normal,2.483926002413371,-0.4360185368102356,Anomaly,70.05632819679519,40.58099783591718,ANOMALY,10.766,11.273,16.564426,14.89557357788086,14.89557357788086,5.798426000000001,0.03451444047619048,1.6968850779901092,REJECT,Anomalous behaviour detected during burn-in screening; Predicted degradation exceeds normal safety slope
C0901,L10,Normal,Normal,Normal,2.490120921796743,-0.4339278426675663,Normal,2.214853978347052,-0.4678556882540021,NORMAL,9.436,10.162,13.467939,-2.1889393768310548,2.1889393768310548,4.0319389999999995,0.023999636904761902,1.1799300576512248,EXTENDED_SCREENING,Predicted degradation exceeds normal safety slope
C0902,L10,Normal,Normal,Normal,1.9183991665843785,-0.4351861839515452,Normal,1.6084299849310149,-0.4561678919543026,NORMAL,10.523,11.175,15.06779,-1.7107900314331062,1.7107900314331062,4.544790000000001,0.027052321428571433,1.3300137543531068,EXTENDED_SCREENING,Predicted degradation exceeds normal safety slope
C0903,L10,Normal,Normal,Normal,2.341203976383232,-0.3475240982847749,Normal,2.2755778379277856,-0.4809890262162519,NORMAL,10.85,11.269,26.933691,-12.697691024780273,12.697691024780273,16.083691,0.09573625595238096,4.70682479295309,EXTENDED_SCREENING,Predicted degradation exceeds normal safety slope
C0904,L10,Normal,Normal,Normal,2.0651803095896626,-0.4244292658739206,Normal,2.87337213215371,-0.2930065003614381,NORMAL,10.211,11.022,14.360197,-2.0841970672607424,2.0841970672607424,4.149196999999999,0.024697601190476186,1.2142451201311053,EXTENDED_SCREENING,Predicted degradation exceeds normal safety slope
C0905,L10,Normal,Normal,Normal,1.5488354430358613,-0.5146202838157132,Normal,1.1905706180781497,-0.5049329546965653,NORMAL,10.471,11.009,12.823952,1.1940482788085944,1.1940482788085944,2.352952,0.014005666666666668,0.6885815457551727,PASS,Component behaviour remains within expected limits
C0906,L10,Normal,Normal,Normal,2.292600895457716,-0.3133158784279335,Anomaly,4.399454365198073,-0.1976671558937743,ANOMALY,9.017,9.5,18.146847,-7.237846771240234,7.237846771240234,9.129847000000002,0.05434432738095239,2.6718114775686996,REJECT,Anomalous behaviour detected during burn-in screening; Predicted degradation exceeds normal safety slope
C0907,L10,Normal,Normal,Normal,2.0745974643013065,-0.3972096293939267,Normal,1.334595379112629,-0.505163530596097,NORMAL,9.875,10.041,12.144161,-0.1571612243652342,0.1571612243652342,2.2691610000000004,0.013506910714285716,0.6640604606245063,PASS,Component behaviour remains within expected limits
C0908,L10,Gradual_Degradation,Anomaly,Anomaly,10.282960326611034,6.249760321534208,Anomaly,42.0932481260597,11.50730037077443,ANOMALY,10.325,12.557,25.598602,-0.6196022949218758,0.6196022949218758,15.273602,0.09091429761904762,4.469755640748003,REJECT,Anomalous behaviour detected during burn-in screening; Predicted degradation exceeds normal safety slope
C0909,L10,Normal,Normal,Normal,1.6864013366784594,-0.4688875351279127,Normal,2.333716762583846,-0.3485985013742481,NORMAL,10.138,10.877,14.199193,-1.803193000793456,1.803193000793456,4.061192999999999,0.024173767857142852,1.188491118199643,EXTENDED_SCREENING,Predicted degradation exceeds normal safety slope
C0910,L10,Normal,Normal,Normal,1.1895646871433443,-0.4804078981313693,Normal,1.815467959315513,-0.3928005967067849,NORMAL,10.048,10.484,17.507982,-5.765982254028319,5.765982254028319,7.459981999999998,0.04440465476190475,2.1831324807585375,EXTENDED_SCREENING,Predicted degradation exceeds normal safety slope
C0911,L10,Normal,Normal,Normal,1.5796479467051316,-0.4981326954229703,Normal,1.3501909215692882,-0.4970696808499166,NORMAL,9.454,9.981,12.070915,-0.0649152221679685,0.0649152221679685,2.6169149999999988,0.015576874999999994,0.7658292119048313,PASS,Component behaviour remains within expected limits
C0912,L10,Normal,Normal,Normal,1.5196293153103722,-0.5258206874119236,Normal,0.835203509663475,-0.519390510328182,NORMAL,10.039,10.75,14.6575775,-2.129577514648437,2.129577514648437,4.618577500000001,0.027491532738095244,1.3516073571156833,EXTENDED_SCREENING,Predicted degradation exceeds normal safety slope
C0913,L10,Normal,Normal,Normal,1.1617761022949504,-0.5240003160574274,Normal,0.6918337409301794,-0.5103526864195909,NORMAL,10.079,10.614,13.474381,-1.2293814468383797,1.2293814468383797,3.3953809999999987,0.02021060119047618,0.9936440256357727,MONITOR,Predicted degradation is close to safety boundary
C0914,L10,Normal,Normal,Normal,1.3181211902154226,-0.4833107058286694,Normal,0.9918448844091038,-0.5152386954776993,NORMAL,10.288,10.758,13.286373,-0.0453731384277347,0.0453731384277347,2.998372999999999,0.017847458333333326,0.8774612975915248,MONITOR,Predicted degradation is close to safety boundary
C0915,L10,Normal,Normal,Normal,1.320115698725117,-0.4718085741272777,Normal,1.4776200960476555,-0.4045669826288842,NORMAL,10.162,10.556,14.211895,-1.586894989013672,1.586894989013672,4.049894999999999,0.024106517857142854,1.1851848058295045,EXTENDED_SCREENING,Predicted degradation exceeds normal safety slope
C0916,L10,Normal,Normal,Normal,1.208901169284006,-0.4389385711837061,Normal,1.3460665442035022,-0.5144401176880609,NORMAL,10.16,10.628,15.506802,-2.1778016052246087,2.1778016052246087,5.346802,0.031826202380952386,1.5647192063445616,EXTENDED_SCREENING,Predicted degradation exceeds normal safety slope
C0917,L10,Normal,Normal,Normal,1.7224774067886828,-0.4656064676498854,Normal,1.1345057319411929,-0.5023887563473668,NORMAL,10.244,10.958,16.857296,-4.1422959899902345,4.1422959899902345,6.613296000000002,0.03936485714285715,1.9353533698165117,EXTENDED_SCREENING,Predicted degradation exceeds normal safety slope
C0918,L10,Normal,Normal,Normal,1.2309983727188805,-0.5270722463247874,Normal,0.9550826957286456,-0.5033756959863931,NORMAL,9.729,10.215,14.718296,-1.9902960510253909,1.9902960510253909,4.989296000000001,0.029698190476190482,1.4600965731175564,EXTENDED_SCREENING,Predicted degradation exceeds normal safety slope
C0919,L10,Normal,Normal,Normal,1.2865769898682833,-0.4995753780921093,Normal,1.1968152786110238,-0.4869121561764447,NORMAL,9.666,10.154,13.045491,-0.6814912185668938,0.6814912185668938,3.379491,0.020116017857142857,0.9889938837025549,MONITOR,Predicted degradation is close to safety boundary
C0920,L10,Normal,Normal,Normal,2.79771406779489,-0.4015380353672346,Normal,1.2052771052885642,-0.4979332146974375,NORMAL,9.305,10.013,13.814732,-2.79373159790039,2.79373159790039,4.509732,0.026843642857142854,1.3197541775189487,EXTENDED_SCREENING,Predicted degradation exceeds normal safety slope
C0921,L10,Normal,Normal,Normal,2.654281598160829,-0.3508322707160771,Normal,1.545183351805679,-0.4628832650223675,NORMAL,10.685,10.968,13.143015,-0.1050149078369138,0.1050149078369138,2.4580149999999996,0.014631041666666664,0.7193277925726492,PASS,Component behaviour remains within expected limits
C0922,L10,Normal,Normal,Normal,1.4127268194223972,-0.4847788333873151,Normal,1.039834476596728,-0.5107796346896137,NORMAL,9.619,10.044,16.708176,-4.826175659179688,4.826175659179688,7.089176000000002,0.0421974761904762,2.074617658248223,EXTENDED_SCREENING,Predicted degradation exceeds normal safety slope
C0923,L10,Normal,Normal,Anomaly,5.106279447921097,-0.0848231533909156,Anomaly,4.309128621099172,-0.1610835290902907,ANOMALY,9.109,9.163,12.522823,-0.8488233337402349,0.8488233337402349,3.4138230000000007,0.020320375000000005,0.99904099967809,REJECT,Anomalous behaviour detected during burn-in screening; Predicted degradation is close to safety boundary
C0924,L10,Gradual_Degradation,Anomaly,Anomaly,5.04043962666785,1.7127792851773598,Anomaly,18.36308004962224,9.216436356145396,ANOMALY,9.767,11.162,22.55759,1.8314095153808587,1.8314095153808587,12.790590000000002,0.0761344642857143,3.7431125808434063,REJECT,Anomalous behaviour detected during burn-in screening; Predicted degradation exceeds normal safety slope
C0925,L10,Normal,Normal,Normal,1.852214294018578,-0.5314877540649101,Normal,1.3724786746853708,-0.4807416622959066,NORMAL,9.322,9.866,13.177665,-0.9036647567749032,0.9036647567749032,3.855665,0.022950386904761904,1.128344210002634,EXTENDED_SCREENING,Predicted degradation exceeds normal safety slope
C0926,L10,Normal,Normal,Normal,2.6685222691460764,-0.4210114074438302,Normal,0.7847021099909405,-0.5032477763185469,NORMAL,10.298,10.394,17.651379,-4.514378631591796,4.514378631591796,7.3533789999999986,0.04377011309523809,2.1519355593924674,EXTENDED_SCREENING,Predicted degradation exceeds normal safety slope
C0927,L10,Normal,Normal,Normal,1.3415827317525826,-0.4604824325419649,Normal,0.8808732911976648,-0.4755033361086602,NORMAL,9.753,10.153,13.5411625,-1.601162490844727,1.601162490844727,3.7881625000000003,0.022548586309523812,1.10858988616078,EXTENDED_SCREENING,Predicted degradation exceeds normal safety slope
C0928,L10,Gradual_Degradation,Anomaly,Anomaly,6.275649382475106,3.706441704673128,Anomaly,22.373708842606472,7.308593346730063,ANOMALY,10.048,11.811,25.247751,-2.6957512359619145,2.6957512359619145,15.199751000000001,0.09047470833333333,4.448143454976442,REJECT,Anomalous behaviour detected during burn-in screening; Predicted degradation exceeds normal safety slope
C0929,L10,Normal,Normal,Normal,2.528353079621909,-0.4745237427547548,Normal,1.7341566584490178,-0.4535936669805354,NORMAL,9.224,9.857,11.761251,0.8787485504150396,0.8787485504150396,2.5372509999999995,0.01510268452380952,0.7425158760352345,PASS,Component behaviour remains within expected limits
C0930,L10,Normal,Normal,Normal,2.1660512724746543,-0.4321581080136161,Normal,2.05740017633052,-0.4114313194989329,NORMAL,10.779,11.383,19.167738,-6.421737960815429,6.421737960815429,8.388738,0.04993296428571429,2.4549290333908873,EXTENDED_SCREENING,Predicted degradation exceeds normal safety slope
C0931,L10,Latent_Defect,Anomaly,Anomaly,44.87203246747566,37.2041397787077,Anomaly,195.9403612535461,28.84499339084152,ANOMALY,10.425,17.843,42.38261,0.0983896789550797,0.0983896789550797,31.95761,0.19022386904761904,9.35226068888824,REJECT,Anomalous behaviour detected during burn-in screening; Predicted degradation exceeds normal safety slope
C0932,L10,Gradual_Degradation,Anomaly,Anomaly,20.2869923453176,8.017114500176039,Anomaly,59.10492178547653,13.628245330235549,ANOMALY,10.934,13.431,25.811924,1.8100760192871093,1.8100760192871093,14.877924000000002,0.08855907142857145,4.353962131632087,REJECT,Anomalous behaviour detected during burn-in screening; Predicted degradation exceeds normal safety slope
C0933,L10,Normal,Normal,Normal,1.442469350171343,-0.4685941008254581,Normal,0.6406518034046682,-0.5361684053907021,NORMAL,9.769,10.421,13.129193,-0.6811933059692379,0.6811933059692379,3.3601930000000007,0.020001148809523812,0.9833464048462149,MONITOR,Predicted degradation is close to safety boundary
C0934,L10,Normal,Normal,Normal,1.2334704596026052,-0.5071724419785631,Normal,1.0239909877392452,-0.5114855073140511,NORMAL,10.039,10.447,14.227868,-1.812868080139161,1.812868080139161,4.188868000000001,0.024933738095238103,1.2258546720903696,EXTENDED_SCREENING,Predicted degradation exceeds normal safety slope
C0935,L10,Sudden_Degradation,Anomaly,Normal,1.951148969458737,-0.4483071521303996,Anomaly,49.52592311746496,41.63235016212753,ANOMALY,9.983,10.164,13.824823,15.044176620483398,15.044176620483398,3.8418229999999998,0.022867994047619047,1.1242934066898833,REJECT,Anomalous behaviour detected during burn-in screening; Predicted degradation exceeds normal safety slope
C0936,L10,Sudden_Degradation,Anomaly,Normal,1.9188357781020409,-0.4156089001049465,Anomaly,56.92134827692448,46.58205547199723,ANOMALY,10.002,10.826,16.889462,13.770538482666016,13.770538482666016,6.887462000000001,0.04099679761904763,2.0155869011735104,REJECT,Anomalous behaviour detected during burn-in screening; Predicted degradation exceeds normal safety slope
C0937,L10,Normal,Normal,Normal,1.3618030220907795,-0.4618189401148946,Normal,1.901202787346257,-0.4708122614668375,NORMAL,9.705,10.114,15.648615,-2.8796148834228514,2.8796148834228514,5.943614999999999,0.03537866071428571,1.739374030610752,EXTENDED_SCREENING,Predicted degradation exceeds normal safety slope
C0938,L10,Normal,Normal,Normal,2.436247175583253,-0.4216150356450392,Normal,1.941944596085152,-0.4651020655964544,NORMAL,9.746,9.874,12.245472,-1.1994719543457038,1.1994719543457038,2.499471999999999,0.014877809523809519,0.7314600099499574,PASS,Component behaviour remains within expected limits
C0939,L10,Sudden_Degradation,Anomaly,Normal,2.267411131612934,-0.5206544681729502,Anomaly,79.18293822658921,49.01480697339508,ANOMALY,9.208,9.791,12.614385,17.876615348815918,17.876615348815918,3.406385,0.02027610119047619,0.9968643001375437,REJECT,Anomalous behaviour detected during burn-in screening; Predicted degradation is close to safety boundary
C0940,L10,Sudden_Degradation,Anomaly,Normal,1.416365927102536,-0.4621668341442437,Anomaly,51.26314053417076,48.852767754402905,ANOMALY,10.147,10.498,14.918792,16.82520822906494,16.82520822906494,4.771792,0.028403523809523806,1.3964449386907027,REJECT,Anomalous behaviour detected during burn-in screening; Predicted degradation exceeds normal safety slope
C0941,L10,Normal,Normal,Normal,2.486689550854323,-0.4492132310671204,Normal,1.1952621879135843,-0.4955697891895818,NORMAL,9.407,10.118,14.403041,-2.568040885925292,2.568040885925292,4.996041,0.029738339285714285,1.4620704691112347,EXTENDED_SCREENING,Predicted degradation exceeds normal safety slope
C0942,L10,Normal,Normal,Normal,1.967182515419399,-0.4427328631107547,Normal,1.354757828554991,-0.4722164020941057,NORMAL,10.679,11.108,17.167356,-4.313356491088868,4.313356491088868,6.488356000000001,0.03862116666666667,1.8987902022182557,EXTENDED_SCREENING,Predicted degradation exceeds normal safety slope
C0943,L10,Normal,Normal,Normal,1.6792982359316768,-0.4429177258806507,Normal,2.086705928352844,-0.2167132017029647,NORMAL,9.756,10.471,15.712542,-2.483541580200196,2.483541580200196,5.956541999999999,0.035455607142857136,1.7431570630066429,EXTENDED_SCREENING,Predicted degradation exceeds normal safety slope
C0944,L10,Normal,Normal,Normal,2.595899259545249,-0.5083718075736059,Normal,1.6038680132389422,-0.4487390463246652,NORMAL,10.517,11.31,13.566645,-0.4926446685791017,0.4926446685791017,3.049645,0.01815264880952381,0.8924658336015922,MONITOR,Predicted degradation is close to safety boundary
C0945,L10,Gradual_Degradation,Anomaly,Anomaly,9.359537547845695,7.370271748659986,Anomaly,46.92337485416651,13.039175082307816,ANOMALY,10.084,12.462,25.982523,1.55147703552246,1.55147703552246,15.898523,0.09463406547619048,4.652636153463464,REJECT,Anomalous behaviour detected during burn-in screening; Predicted degradation exceeds normal safety slope
C0946,L10,Gradual_Degradation,Anomaly,Anomaly,14.38689964848708,7.2129560850357795,Anomaly,29.88299156685476,10.88442255455573,ANOMALY,9.455,11.772,24.37353,0.2684705657958979,0.2684705657958979,14.918529999999999,0.08880077380952381,4.365845307424425,REJECT,Anomalous behaviour detected during burn-in screening; Predicted degradation exceeds normal safety slope
C0947,L10,Normal,Normal,Normal,1.3506412723560572,-0.4974456104515696,Normal,1.7826510792820167,-0.3590299023315468,NORMAL,9.891,10.544,12.333674,-1.0796744308471684,1.0796744308471684,2.4426740000000002,0.014539726190476191,0.7148383131895468,PASS,Component behaviour remains within expected limits
C0948,L10,Sudden_Degradation,Anomaly,Normal,1.9924899422659224,-0.457816772834867,Anomaly,58.87155438018012,46.338682560447566,ANOMALY,10.535,10.88,12.771366,19.433633880615236,19.433633880615236,2.2363660000000003,0.013311702380952382,0.654463141260133,REJECT,Anomalous behaviour detected during burn-in screening
C0949,L10,Normal,Normal,Normal,1.1315050572607772,-0.4876844725075535,Normal,0.6469705652475114,-0.5292031491962714,NORMAL,9.95,10.438,14.012009,-1.216008666992188,1.216008666992188,4.0620090000000015,0.02417862500000001,1.1887299171812362,EXTENDED_SCREENING,Predicted degradation exceeds normal safety slope
C0950,L10,Gradual_Degradation,Anomaly,Anomaly,13.504789778241069,7.42705632036072,Anomaly,29.569926471308445,10.146590199512923,ANOMALY,9.521,11.87,24.898062,-0.3920617523193357,0.3920617523193357,15.377061999999999,0.09153013095238094,4.500032776330807,REJECT,Anomalous behaviour detected during burn-in screening; Predicted degradation exceeds normal safety slope
C0951,L10,Gradual_Degradation,Anomaly,Anomaly,12.392369226792615,6.114673519114189,Anomaly,30.45758516822963,12.11602833752348,ANOMALY,9.497,11.641,24.938864,-0.9548637542724592,0.9548637542724592,15.441863999999999,0.09191585714285713,4.518996810160663,REJECT,Anomalous behaviour detected during burn-in screening; Predicted degradation exceeds normal safety slope
C0952,L10,Normal,Normal,Normal,3.76477984142684,-0.3212775399942491,Normal,1.5322901600901158,-0.5071435097980507,NORMAL,10.814,10.993,20.1627,-7.160700653076171,7.160700653076171,9.348700000000001,0.05564702380952381,2.735857891194288,EXTENDED_SCREENING,Predicted degradation exceeds normal safety slope
C0953,L10,Latent_Defect,Anomaly,Anomaly,34.232971464631376,27.443692527665423,Anomaly,219.5889066639588,34.042404399669515,ANOMALY,10.426,16.197,38.485447,5.440553070068361,5.440553070068361,28.059447,0.16702051785714284,8.211479617219279,REJECT,Anomalous behaviour detected during burn-in screening; Predicted degradation exceeds normal safety slope
C0954,L10,Latent_Defect,Anomaly,Anomaly,36.34015043024823,37.61947751917886,Anomaly,211.19007739282097,32.10310396683674,ANOMALY,9.803,17.122,42.408897,-1.077897399902341,1.077897399902341,32.605897,0.19408272023809522,9.541979163618274,REJECT,Anomalous behaviour detected during burn-in screening; Predicted degradation exceeds normal safety slope
C0955,L10,Normal,Normal,Normal,1.6228692666831432,-0.5165180035300736,Normal,0.776252381909924,-0.4783663454951405,NORMAL,10.404,10.788,15.961112,-3.5151120223999026,3.5151120223999026,5.557112,0.03307804761904762,1.6262655468086975,EXTENDED_SCREENING,Predicted degradation exceeds normal safety slope
C0956,L10,Normal,Normal,Normal,1.1342630751059253,-0.5044310798402719,Normal,0.7798509815401778,-0.5322285254369656,NORMAL,10.014,10.535,12.205574,0.4924259643554691,0.4924259643554691,2.191574000000001,0.013045083333333339,0.6413549501038897,PASS,Component behaviour remains within expected limits
C0957,L10,Sudden_Degradation,Anomaly,Normal,1.53484177497433,-0.4032772871438683,Anomaly,55.35313331588347,52.19753112261266,ANOMALY,10.105,10.408,19.799526,13.052473785400387,13.052473785400387,9.694526,0.057705511904761905,2.8370624213514386,REJECT,Anomalous behaviour detected during burn-in screening; Predicted degradation exceeds normal safety slope
C0958,L10,Gradual_Degradation,Anomaly,Anomaly,12.954857106428772,4.23511508340553,Anomaly,37.54225511788681,9.688296403400273,ANOMALY,10.888,12.704,25.989393,-1.7333932342529297,1.7333932342529297,15.101393,0.08988924404761904,4.419359398320213,REJECT,Anomalous behaviour detected during burn-in screening; Predicted degradation exceeds normal safety slope
C0959,L10,Normal,Normal,Normal,1.277753766211425,-0.4748191101344889,Normal,0.781944925988118,-0.5045026436422582,NORMAL,9.693,10.232,12.137672,0.1413275756835936,0.1413275756835936,2.4446720000000006,0.014551619047619051,0.7154230195194758,PASS,Component behaviour remains within expected limits
C0960,L10,Normal,Normal,Normal,1.85659835897566,-0.4717478769550181,Normal,1.4654528227129744,-0.4761771228500044,NORMAL,10.673,11.151,13.364033,0.4379672546386715,0.4379672546386715,2.691032999999999,0.016018053571428565,0.787519534107869,PASS,Component behaviour remains within expected limits
C0961,L10,Normal,Normal,Normal,1.452641090057019,-0.4898168102977362,Normal,1.265243258097795,-0.4723622930904403,NORMAL,9.892,10.58,14.2768755,-1.3138754959106451,1.3138754959106451,4.3848755,0.026100449404761902,1.2832154458458929,EXTENDED_SCREENING,Predicted degradation exceeds normal safety slope
C0962,L10,Gradual_Degradation,Anomaly,Anomaly,7.928512045084944,3.733240854819402,Anomaly,22.928296651449173,10.36178954446864,ANOMALY,9.633,11.365,24.721224,-2.3212238311767592,2.3212238311767592,15.088224,0.08981085714285715,4.415505545638116,REJECT,Anomalous behaviour detected during burn-in screening; Predicted degradation exceeds normal safety slope
C0963,L10,Normal,Normal,Normal,2.1586607772878925,-0.3953098624770235,Normal,2.052768296396506,-0.4251214284723688,NORMAL,10.721,11.118,24.875526,-11.198526428222657,11.198526428222657,14.154526,0.08425313095238096,4.142262737408915,EXTENDED_SCREENING,Predicted degradation exceeds normal safety slope
C0964,L10,Normal,Normal,Normal,1.1404620401450871,-0.4810281695474696,Normal,0.7893629428433696,-0.5254802928714604,NORMAL,9.88,10.382,13.587038,-0.6510380401611329,0.6510380401611329,3.707037999999999,0.022065702380952373,1.084849141084545,EXTENDED_SCREENING,Predicted degradation exceeds normal safety slope
C0965,L10,Gradual_Degradation,Anomaly,Anomaly,12.665555112406675,7.15111575365823,Anomaly,21.764765813673176,6.808139084560564,ANOMALY,9.556,11.865,25.2374,-1.0424000549316403,1.0424000549316403,15.681400000000002,0.09334166666666668,4.589096017090517,REJECT,Anomalous behaviour detected during burn-in screening; Predicted degradation exceeds normal safety slope
C0966,L10,Gradual_Degradation,Anomaly,Anomaly,5.861048410116708,1.9670650975416184,Anomaly,19.927417310073903,6.275854454317707,ANOMALY,10.32,11.794,24.657427,-1.6394268341064446,1.6394268341064446,14.337426999999998,0.08534182738095238,4.1957879488455125,REJECT,Anomalous behaviour detected during burn-in screening; Predicted degradation exceeds normal safety slope
C0967,L10,Normal,Normal,Normal,1.5040125088548535,-0.5058853671974337,Normal,1.807105238873517,-0.4461620131987349,NORMAL,10.193,10.861,14.628396,-2.225396034240722,2.225396034240722,4.435396000000001,0.02640116666666667,1.2980000585291624,EXTENDED_SCREENING,Predicted degradation exceeds normal safety slope
C0968,L10,Latent_Defect,Anomaly,Anomaly,75.82757367837122,46.20360343540239,Anomaly,151.0693749712011,24.61265611892689,ANOMALY,9.268,17.582,45.165276,-11.282275573730466,11.282275573730466,35.897276,0.21367426190476188,10.505187439641801,REJECT,Anomalous behaviour detected during burn-in screening; Predicted degradation exceeds normal safety slope
C0969,L10,Gradual_Degradation,Anomaly,Anomaly,9.977123787698003,5.173415904585693,Anomaly,52.04964274228698,15.120662100570977,ANOMALY,10.407,12.458,25.70116,0.7658395690917956,0.7658395690917956,15.294160000000002,0.09103666666666668,4.475771853325921,REJECT,Anomalous behaviour detected during burn-in screening; Predicted degradation exceeds normal safety slope
C0970,L10,Normal,Normal,Normal,2.8609650085921,-0.0058647230478221,Normal,2.0843504199603617,-0.3965573172719532,NORMAL,9.883,10.911,14.342269,-2.008268943786621,2.008268943786621,4.459269000000001,0.026543267857142862,1.3049863919697995,EXTENDED_SCREENING,Predicted degradation exceeds normal safety slope
C0971,L10,Latent_Defect,Anomaly,Anomaly,36.07157084810529,39.36780306315819,Anomaly,350.5073695313551,47.65390361952028,ANOMALY,9.876,17.502,44.55727,4.489729949951169,4.489729949951169,34.681270000000005,0.20643613095238098,10.149328377864274,REJECT,Anomalous behaviour detected during burn-in screening; Predicted degradation exceeds normal safety slope
C0972,L10,Normal,Normal,Normal,1.5608909270145297,-0.4960347378918288,Normal,1.1583898465473903,-0.512059221672612,NORMAL,9.463,9.987,12.070915,-0.3309152221679685,0.3309152221679685,2.607915,0.015523303571428573,0.7631953996078548,PASS,Component behaviour remains within expected limits
C0973,L10,Normal,Normal,Normal,2.0451736989777944,-0.4147035686044431,Normal,1.4507347167770406,-0.4710383772516318,NORMAL,10.741,11.184,20.68874,-8.064739776611328,8.064739776611328,9.94774,0.059212738095238096,2.9111644376810752,EXTENDED_SCREENING,Predicted degradation exceeds normal safety slope
C0974,L10,Normal,Normal,Normal,1.2218286302934434,-0.504831020600564,Normal,1.034297138979214,-0.4986638650879693,NORMAL,10.099,10.679,15.124563,-2.688563217163086,2.688563217163086,5.025563,0.029914065476190476,1.4707099587369408,EXTENDED_SCREENING,Predicted degradation exceeds normal safety slope
C0975,L10,Normal,Normal,Normal,2.3480944068973653,-0.4742526829580566,Normal,1.3591297267587823,-0.466300289335344,NORMAL,10.326,10.5,20.620586,-8.205586395263673,8.205586395263673,10.294585999999999,0.06127729761904761,3.0126674665652162,EXTENDED_SCREENING,Predicted degradation exceeds normal safety slope
C0976,L10,Normal,Normal,Normal,1.8040421536786169,-0.4856175356702308,Normal,1.7786813866931908,-0.5025768281895224,NORMAL,10.466,11.112,14.145154,-0.6741539993286132,0.6741539993286132,3.6791540000000005,0.02189972619047619,1.0766890052968894,EXTENDED_SCREENING,Predicted degradation exceeds normal safety slope
C0977,L10,Normal,Normal,Normal,1.296456134456967,-0.481451701422261,Normal,1.1608322322322149,-0.5010627822416905,NORMAL,9.884,10.269,12.714615,0.2753851318359377,0.2753851318359377,2.830615,0.01684889880952381,0.828367621667496,PASS,Component behaviour remains within expected limits
C0978,L10,Normal,Normal,Normal,1.5777889058329744,-0.4937706119894047,Normal,2.212996399776741,-0.499065591472984,NORMAL,9.663,10.014,12.4783535,-1.090353500366211,1.090353500366211,2.8153535000000005,0.01675805654761905,0.8239014076263501,PASS,Component behaviour remains within expected limits
C0979,L10,Normal,Normal,Normal,1.1446982507478545,-0.5026687360609035,Normal,0.63458860713217,-0.5257202531640475,NORMAL,9.959,10.507,13.399533,-0.8725332717895515,0.8725332717895515,3.4405330000000003,0.020479363095238096,1.006857569283896,EXTENDED_SCREENING,Predicted degradation exceeds normal safety slope
C0980,L10,Normal,Normal,Normal,1.3565961577365695,-0.4751482592293219,Normal,0.638810849796206,-0.5192247310934709,NORMAL,10.217,10.615,15.063843,-2.5988427734375,2.5988427734375,4.846843,0.02885025595238095,1.4184082994351936,EXTENDED_SCREENING,Predicted degradation exceeds normal safety slope
C0981,L10,Gradual_Degradation,Anomaly,Anomaly,7.025576671400407,1.969254836989745,Anomaly,15.292966919196964,8.968422193110898,ANOMALY,9.504,10.925,22.2906,2.5594001770019545,2.5594001770019545,12.786600000000002,0.0761107142857143,3.741944924058413,REJECT,Anomalous behaviour detected during burn-in screening; Predicted degradation exceeds normal safety slope
C0982,L10,Gradual_Degradation,Anomaly,Anomaly,8.595017302670438,6.686683554400872,Anomaly,41.10106674176742,12.981834090811194,ANOMALY,9.938,12.174,24.681358,1.2176416625976572,1.2176416625976572,14.743357999999999,0.08775808333333332,4.314581955459308,REJECT,Anomalous behaviour detected during burn-in screening; Predicted degradation exceeds normal safety slope
C0983,L10,Gradual_Degradation,Anomaly,Anomaly,10.328739600485852,6.864163049443334,Anomaly,28.058104369326628,9.1796617393799,ANOMALY,9.696,11.933,24.413084,0.9179159698486324,0.9179159698486324,14.717084000000002,0.08760169047619049,4.306892979427,REJECT,Anomalous behaviour detected during burn-in screening; Predicted degradation exceeds normal safety slope
C0984,L10,Normal,Normal,Normal,1.6440510497289944,-0.3010705672058056,Normal,0.9815895293411084,-0.4969763658549184,NORMAL,10.063,10.328,13.256226,-0.6672255859374996,0.6672255859374996,3.1932259999999992,0.019007297619047615,0.9344842117585086,MONITOR,Predicted degradation is close to safety boundary
C0985,L10,Normal,Normal,Normal,1.7227449585834995,-0.4675156533485325,Normal,3.084247593112963,-0.3077322679199252,NORMAL,10.504,11.107,15.72772,-2.3857202606201167,2.3857202606201167,5.22372,0.03109357142857143,1.528699774662726,EXTENDED_SCREENING,Predicted degradation exceeds normal safety slope
C0986,L10,Normal,Normal,Normal,1.3503268922953773,-0.454410537885723,Normal,2.047692398573309,-0.4563647231759906,NORMAL,9.605,10.105,15.681928,-3.0919276809692384,3.0919276809692384,6.076927999999999,0.03617219047619047,1.7783875215826284,EXTENDED_SCREENING,Predicted degradation exceeds normal safety slope
C0987,L10,Normal,Normal,Normal,1.6173536659310943,-0.4859701577780519,Normal,1.288799577955113,-0.512113154969416,NORMAL,9.406,9.896,12.110602,-0.2216023788452155,0.2216023788452155,2.7046019999999995,0.016098821428571424,0.7914904451142781,PASS,Component behaviour remains within expected limits
C0988,L10,Latent_Defect,Anomaly,Anomaly,53.50552627222886,38.55961647762288,Anomaly,197.23571166141497,30.69311166701501,ANOMALY,9.458,16.816,42.69549,-1.3934917907714848,1.3934917907714848,33.23749,0.19784220238095238,9.726812209183226,REJECT,Anomalous behaviour detected during burn-in screening; Predicted degradation exceeds normal safety slope
C0989,L10,Gradual_Degradation,Anomaly,Anomaly,16.622921908115384,7.181049021821888,Anomaly,9.912038424680764,2.339064420930656,ANOMALY,9.317,11.598,24.613596,-2.366595962524414,2.366595962524414,15.296596000000001,0.09105116666666667,4.476484738520969,REJECT,Anomalous behaviour detected during burn-in screening; Predicted degradation exceeds normal safety slope
C0990,L10,Normal,Normal,Normal,1.3008562001120845,-0.5045134049575957,Normal,1.1828452360529538,-0.5005005000647713,NORMAL,9.723,10.299,15.106191,-3.02819068145752,3.02819068145752,5.383191,0.03204280357142857,1.5753682947528609,EXTENDED_SCREENING,Predicted degradation exceeds normal safety slope
C0991,L10,Sudden_Degradation,Anomaly,Normal,1.6995271123891995,-0.5085570263875576,Anomaly,66.1467127622144,47.63492030150464,ANOMALY,10.552,11.001,19.205662,12.59433822631836,12.59433822631836,8.653662,0.05150989285714286,2.5324579321647014,REJECT,Anomalous behaviour detected during burn-in screening; Predicted degradation exceeds normal safety slope
C0992,L10,Normal,Normal,Normal,1.409803573365029,-0.4831688201290571,Normal,1.5682698786110554,-0.3641765315659568,NORMAL,10.196,10.564,14.355349,-1.728348587036132,1.728348587036132,4.159349000000001,0.024758029761904766,1.2172160604020956,EXTENDED_SCREENING,Predicted degradation exceeds normal safety slope
C0993,L10,Normal,Normal,Normal,1.5580314057380082,-0.4335564676815464,Normal,1.034728610274494,-0.5019345646338949,NORMAL,9.667,10.312,14.401581,-2.2425808105468743,2.2425808105468743,4.734581,0.028182029761904766,1.3855552954259465,EXTENDED_SCREENING,Predicted degradation exceeds normal safety slope
C0994,L10,Normal,Normal,Normal,1.5581566283228,-0.4992571807631847,Normal,1.499023206295626,-0.4686947640626777,NORMAL,10.131,10.835,18.724989,-6.34598893737793,6.34598893737793,8.593989,0.051154696428571435,2.514994878698312,EXTENDED_SCREENING,Predicted degradation exceeds normal safety slope
C0995,L10,Normal,Normal,Normal,1.932889629824831,-0.4469676853678019,Normal,2.4469737800186664,-0.4413702149903982,NORMAL,10.515,11.174,15.14531,-1.552310401916504,1.552310401916504,4.63031,0.027561369047619046,1.3550408240906033,EXTENDED_SCREENING,Predicted degradation exceeds normal safety slope
C0996,L10,Latent_Defect,Anomaly,Anomaly,35.3326448765045,39.802084985435066,Anomaly,138.13647353428595,23.12721896505968,ANOMALY,10.011,17.749,43.957882,-3.283881927490235,3.283881927490235,33.946882,0.2020647738095238,9.934412806180681,REJECT,Anomalous behaviour detected during burn-in screening; Predicted degradation exceeds normal safety slope
C0997,L10,Normal,Normal,Normal,1.603649919303636,-0.499182149527495,Normal,1.5773126937511386,-0.5017877901999391,NORMAL,9.988,10.728,14.07376,-0.9967600326538086,0.9967600326538086,4.0857600000000005,0.02432,1.195680547832958,EXTENDED_SCREENING,Predicted degradation exceeds normal safety slope
C0998,L10,Normal,Normal,Normal,1.6576953727048085,-0.4868527080080289,Normal,2.910909969485309,-0.0730358883015638,NORMAL,9.83,10.564,12.196289,1.071710937500001,1.071710937500001,2.366289,0.014085053571428571,0.6924845629334817,PASS,Component behaviour remains within expected limits
C0999,L10,Normal,Normal,Normal,1.6061656285376438,-0.509963325518042,Normal,0.9810609320989478,-0.4812236266835819,NORMAL,10.365,10.735,13.76746,-1.3754598693847662,1.3754598693847662,3.4024599999999996,0.020252738095238094,0.9957156653302509,MONITOR,Predicted degradation is close to safety boundary
C1000,L10,Normal,Normal,Normal,1.5580262805536735,-0.4823359627174954,Normal,1.3266733881304114,-0.5100202118025721,NORMAL,9.558,9.954,12.449583,-1.129583053588867,1.129583053588867,2.8915830000000007,0.017211803571428576,0.8462096514588398,PASS,Component behaviour remains within expected limits
